7183	01.03.attendance.doc	source [AD1]/September11Fund/Board/2003 Mtgs/01-15-03 Mtg/01.03.attendance.doc	Microsoft Word 97	20992	3/5/2003 11:38:10 AM (2003-03-05 16:38:10 UTC)	72D037FF4661B93A4D5F8E8868FE7CBD
7193	03.19.attendance.doc	source [AD1]/September11Fund/Board/2003 Mtgs/03-19-03 Mtg/03.19.attendance.doc	Microsoft Word 97	20992	5/15/2003 5:46:12 PM (2003-05-15 21:46:12 UTC)	1FF50748DA55433B13974B64B8686088
7224	05.21attendance.doc	source [AD1]/September11Fund/Board/2003 Mtgs/05-21-03 Mtg/05.21attendance.doc	Microsoft Word 97	20992	5/15/2003 6:08:52 PM (2003-05-15 22:08:52 UTC)	C629E9C4D64B592A1B758CDA59330F51
6562	1.16.bdmtg.attendance.doc	source [AD1]/NYCT - Josh and Lori/All Docs/911 Files/911/Lori A Harris/911 BOD/1.16.02 mtg/1.16.bdmtg.attendance.doc	Microsoft Word 97	19968	1/15/2002 3:11:48 PM (2002-01-15 20:11:48 UTC)	73171F922500975BF214B4A3A1DBFCE1
6712	1.16.minutes.draft.doc	source [AD1]/NYCT - Josh and Lori/All Docs/911 Files/911/September11Fund/Board/1-16-02 mtg/1.16.minutes.draft.doc	Microsoft Word 97	34816	1/29/2002 5:50:16 PM (2002-01-29 22:50:16 UTC)	B70C5FEB6E9343950A029175782449D3
7083	1.16.minutes.draft.doc	source [AD1]/September11Fund/Board/2001 Mtgs/12-06-01 Mtg/1.16.minutes.draft.doc	Microsoft Word 97	34816	1/29/2002 5:49:52 PM (2002-01-29 22:49:52 UTC)	02A861E2352470829EF8FDBCBDC312EB
6713	1.16.minutes.joshchanges.doc	source [AD1]/NYCT - Josh and Lori/All Docs/911 Files/911/September11Fund/Board/1-16-02 mtg/1.16.minutes.joshchanges.doc	Microsoft Word 97	204800	2/6/2002 2:30:48 PM (2002-02-06 19:30:48 UTC)	04D62BBE3ACCA4FFFBF34BF9EBC316E6
7067	11-1-01 Board Presentation Edited.ppt	source [AD1]/September11Fund/Board/2001 Mtgs/11-01-01 Mtg/11-1-01 Board Presentation Edited.ppt	PowerPoint 97	379904	2/26/2004 3:35:14 PM (2004-02-26 20:35:14 UTC)	C3592F51128A52E95409F87CE962AB62
7068	11-1-01 Presentation for UWNYC Bd Mtg.ppt	source [AD1]/September11Fund/Board/2001 Mtgs/11-01-01 Mtg/11-1-01 Presentation for UWNYC Bd Mtg.ppt	PowerPoint 97	166912	5/11/2004 12:03:48 PM (2004-05-11 16:03:48 UTC)	E52BD3D574C0E3DA4181A522628C3876
7172	11.06.attendance.doc	source [AD1]/September11Fund/Board/2002 Mtgs/11-06-02 Mtg/11.06.attendance.doc	Microsoft Word 97	21504	11/6/2002 10:51:24 AM (2002-11-06 15:51:24 UTC)	EF241C1E496566E5BCFA42A489EA31E0
6569	11.1.bdmtg.attendance.doc	source [AD1]/NYCT - Josh and Lori/All Docs/911 Files/911/Lori A Harris/911 BOD/11.01.01 mtg/11.1.bdmtg.attendance.doc	Microsoft Word 97	20480	11/1/2001 1:03:36 PM (2001-11-01 18:03:36 UTC)	73BE1BFD66534444806A6C21866C70C1
6594	12.6.bdmtg.attendance.doc	source [AD1]/NYCT - Josh and Lori/All Docs/911 Files/911/Lori A Harris/911 BOD/12.06.01 mtg/12.6.bdmtg.attendance.doc	Microsoft Word 97	20480	12/6/2001 12:15:52 PM (2001-12-06 17:15:52 UTC)	6D842D523C6F84D0974CC3D60D21CD40
6595	12.6.materials.cover.dot	source [AD1]/NYCT - Josh and Lori/All Docs/911 Files/911/Lori A Harris/911 BOD/12.06.01 mtg/12.6.materials.cover.dot	Microsoft Word 97	27648	12/4/2001 4:53:50 PM (2001-12-04 21:53:50 UTC)	6E18EA6546C114BF0D1E82F9E9011E95
6596	12.6.minutes.draft.doc	source [AD1]/NYCT - Josh and Lori/All Docs/911 Files/911/Lori A Harris/911 BOD/12.06.01 mtg/12.6.minutes.draft.doc	Microsoft Word 97	31232	1/2/2002 12:08:26 PM (2002-01-02 17:08:26 UTC)	1C54BA9096F6C0D25B9F2064CBE85135
7087	12.6.minutes.final.doc	source [AD1]/September11Fund/Board/2001 Mtgs/12-06-01 Mtg/12.6.minutes.final.doc	Microsoft Word 97	31744	1/2/2002 12:07:40 PM (2002-01-02 17:07:40 UTC)	BEC472397FBA7B52D8266AB73C3176E7
6603	2.13.attendance.doc	source [AD1]/NYCT - Josh and Lori/All Docs/911 Files/911/Lori A Harris/911 BOD/2.13.02mtg/2.13.attendance.doc	Microsoft Word 97	20480	4/10/2002 1:33:10 PM (2002-04-10 17:33:10 UTC)	BBFCECD93D4BC6B34F56ED8CC3CAD8E5
7130	2.13.bdmtg.attendance.doc	source [AD1]/September11Fund/Board/2002 Mtgs/02-13-02 Mtg/2.13.bdmtg.attendance.doc	Microsoft Word 97	21504	2/13/2002 2:18:50 PM (2002-02-13 19:18:50 UTC)	032A7977C3BA92D630266CA5064B9B6D
7250	2003Notes to Financial Statement Draft .doc	source [AD1]/September11Fund/Board/2003 Mtgs/10-01-03 Mtg/2003Notes to Financial Statement Draft .doc	Microsoft Word 97	21504	9/23/2003 5:35:46 PM (2003-09-23 21:35:46 UTC)	A3A3E3A82D5EE0E08B6CB0A3652A515F
6608	4.10.attendance.doc	source [AD1]/NYCT - Josh and Lori/All Docs/911 Files/911/Lori A Harris/911 BOD/4.10.02mtg/4.10.attendance.doc	Microsoft Word 97	21504	4/10/2002 10:30:34 AM (2002-04-10 14:30:34 UTC)	4632DD988E54C6A27737F4D614ADBD16
7134	4.10.attendance.doc	source [AD1]/September11Fund/Board/2002 Mtgs/04-10-02 Mtg/4.10.attendance.doc	Microsoft Word 97	20992	7/10/2002 11:17:46 AM (2002-07-10 15:17:46 UTC)	C646D7768B7CC56E3A976BDD6FABBEA3
6612	6mo.coverletter.doc	source [AD1]/NYCT - Josh and Lori/All Docs/911 Files/911/Lori A Harris/911 BOD/6mo.coverletter.doc	Microsoft Word 97	19456	4/1/2002 12:10:18 PM (2002-04-01 17:10:18 UTC)	3D1E203F854EE1905009843D3BDD1D8E
6613	6MONTHPRESS.ATTENDANCE.doc	source [AD1]/NYCT - Josh and Lori/All Docs/911 Files/911/Lori A Harris/911 BOD/6MONTHPRESS.ATTENDANCE.doc	Microsoft Word 97	23552	3/1/2002 9:47:14 AM (2002-03-01 14:47:14 UTC)	555C46D24E1C5187ABA1DC6BB2DD619F
7252	7-31-03911 Financial Stmt Draft.xls	source [AD1]/September11Fund/Board/2003 Mtgs/10-01-03 Mtg/7-31-03911 Financial Stmt Draft.xls	Excel 97	21504	9/23/2003 5:38:58 PM (2003-09-23 21:38:58 UTC)	4C5C58301A4289AAFC6A0A5095F371C8
7158	7.10.attendance.doc	source [AD1]/September11Fund/Board/2002 Mtgs/07-10-02 Mtg/7.10.attendance.doc	Microsoft Word 97	22528	7/10/2002 12:11:56 PM (2002-07-10 16:11:56 UTC)	6F8329D68E174773102B3C09C2CEBF12
6615	7.10.reminder.dot	source [AD1]/NYCT - Josh and Lori/All Docs/911 Files/911/Lori A Harris/911 BOD/7.10.02 mtg/7.10.reminder.dot	Microsoft Word 97	189952	6/28/2002 5:21:10 PM (2002-06-28 21:21:10 UTC)	F3D7916D4D53582CE75DFF861CDE9D11
7166	9.04.attendance.doc	source [AD1]/September11Fund/Board/2002 Mtgs/09-04-02 Mtg/9.04.attendance.doc	Microsoft Word 97	22016	9/4/2002 11:09:42 AM (2002-09-04 15:09:42 UTC)	07C89EA7D9103411D5774EAC61F9D98A
7135	911 Admin Budget v Actual2.xls	source [AD1]/September11Fund/Board/2002 Mtgs/04-10-02 Mtg/911 Admin Budget v Actual2.xls	Excel 97	77312	4/4/2002 3:53:06 PM (2002-04-04 20:53:06 UTC)	53C4C95C11A335EB52ECAD0F8CE912F9
6777	911 Bd Admin Budget Slide 07 10 02.ppt	source [AD1]/NYCT - Josh and Lori/All Docs/911 Files/911/September11Fund/Board/7-10-02 Mtg/911 Bd Admin Budget Slide 07 10 02.ppt	PowerPoint 97	91136	7/2/2002 6:42:50 PM (2002-07-02 22:42:50 UTC)	0013BD793E2935A6F04CAAEDF474DD05
6778	911 Bd Admin Budget v Actual.xls	source [AD1]/NYCT - Josh and Lori/All Docs/911 Files/911/September11Fund/Board/7-10-02 Mtg/911 Bd Admin Budget v Actual.xls	Excel 2000	91648	7/2/2002 6:40:10 PM (2002-07-02 22:40:10 UTC)	2A75266F1537613AFD192C109FB124E7
6779	911 Bd ORP Etc 07 10 02.ppt	source [AD1]/NYCT - Josh and Lori/All Docs/911 Files/911/September11Fund/Board/7-10-02 Mtg/911 Bd ORP Etc 07 10 02.ppt	PowerPoint 97	140800	7/2/2002 2:18:46 PM (2002-07-02 18:18:46 UTC)	C8A0E9A75157E50405EA97AFE23D536F
7340	911 Bd Presentation.pot	source [AD1]/September11Fund/Board/911 Bd Presentation.pot	PowerPoint 97	631808	12/2/2001 9:40:24 AM (2001-12-02 14:40:24 UTC)	005902C350379903B5F45C74BE0B73D8
7136	911 Board Mtg Agenda  TOC 4-10-02.doc	source [AD1]/September11Fund/Board/2002 Mtgs/04-10-02 Mtg/911 Board Mtg Agenda  TOC 4-10-02.doc	Microsoft Word 97	193536	4/3/2002 11:52:02 AM (2002-04-03 16:52:02 UTC)	CC6EB9CB3385692627657AD2F3EB1DA9
6714	911 Board Mtg Agenda & TOC 1-16-02.doc	source [AD1]/NYCT - Josh and Lori/All Docs/911 Files/911/September11Fund/Board/1-16-02 mtg/911 Board Mtg Agenda & TOC 1-16-02.doc	Microsoft Word 97	192512	1/11/2002 9:50:00 AM (2002-01-11 14:50:00 UTC)	AEAAF645A9DF8F21CD2C390B3FFFE305
6751	911 Board Mtg Agenda & TOC 2-13-02.doc	source [AD1]/NYCT - Josh and Lori/All Docs/911 Files/911/September11Fund/Board/2-13-02 Mtg/911 Board Mtg Agenda & TOC 2-13-02.doc	Microsoft Word 97	191488	2/7/2002 6:08:04 PM (2002-02-07 23:08:04 UTC)	41F33C408D3CCDD263E417D991EAE85E
6762	911 Board Mtg Agenda & TOC 4-10-02.doc	source [AD1]/NYCT - Josh and Lori/All Docs/911 Files/911/September11Fund/Board/4-10-02 mtg/911 Board Mtg Agenda & TOC 4-10-02.doc	Microsoft Word 2000	192512	4/5/2002 6:22:22 AM (2002-04-05 11:22:22 UTC)	92B1118F3428DBF830630EDA70E779FA
6780	911 Board Mtg Agenda & TOC 7-10-02.doc	source [AD1]/NYCT - Josh and Lori/All Docs/911 Files/911/September11Fund/Board/7-10-02 Mtg/911 Board Mtg Agenda & TOC 7-10-02.doc	Microsoft Word 97	200192	10/31/2002 5:50:42 PM (2002-10-31 22:50:42 UTC)	37B10676D6891A4F4F32DBB784D3B539
7173	911 Board Mtg Agenda 10-6.doc	source [AD1]/September11Fund/Board/2002 Mtgs/11-06-02 Mtg/911 Board Mtg Agenda 10-6.doc	Microsoft Word 97	184832	10/31/2002 3:47:24 PM (2002-10-31 20:47:24 UTC)	86AE361FBB7A95B09D03437B1E816728
6570	911 Board Mtg Agenda 11-01 w Names.doc	source [AD1]/NYCT - Josh and Lori/All Docs/911 Files/911/Lori A Harris/911 BOD/11.01.01 mtg/911 Board Mtg Agenda 11-01 w Names.doc	Microsoft Word 97	190976	11/1/2001 9:11:34 AM (2001-11-01 14:11:34 UTC)	E22C484DC16D94E40710C266DEB88E59
6571	911 Board Mtg Agenda 11-01.doc	source [AD1]/NYCT - Josh and Lori/All Docs/911 Files/911/Lori A Harris/911 BOD/11.01.01 mtg/911 Board Mtg Agenda 11-01.doc	Microsoft Word 97	187904	10/30/2001 8:05:34 PM (2001-10-31 01:05:34 UTC)	1724347B40B0E379629FA355A24FAD9B
7088	911 Board Mtg Agenda 12-06.doc	source [AD1]/September11Fund/Board/2001 Mtgs/12-06-01 Mtg/911 Board Mtg Agenda 12-06.doc	Microsoft Word 97	185344	12/5/2001 3:10:44 AM (2001-12-05 08:10:44 UTC)	C4877D1188201C00579388BFA9860E0D
7137	911 Board Mtg Annotated Agenda.doc	source [AD1]/September11Fund/Board/2002 Mtgs/04-10-02 Mtg/911 Board Mtg Annotated Agenda.doc	Microsoft Word 97	204288	4/9/2002 5:45:58 PM (2002-04-09 21:45:58 UTC)	609E9EBE01C0E79A9F2A25245D89142F
6715	911 Board Mtg Minutes 1-16-2002.doc	source [AD1]/NYCT - Josh and Lori/All Docs/911 Files/911/September11Fund/Board/1-16-02 mtg/911 Board Mtg Minutes 1-16-2002.doc	Microsoft Word 97	205312	2/7/2002 3:46:26 PM (2002-02-07 20:46:26 UTC)	256E0F04BC4C4BD42567A1F46369CA1D
7089	911 Cash Compensation Issues 12 03 01 tim.doc	source [AD1]/September11Fund/Board/2001 Mtgs/12-06-01 Mtg/911 Cash Compensation Issues 12 03 01 tim.doc	Microsoft Word 97	230400	12/4/2001 1:17:52 PM (2001-12-04 18:17:52 UTC)	C9F3777F0769A080DAF01CA0D9960329
7090	911 Cash Compensation Issues 12 03 01.doc	source [AD1]/September11Fund/Board/2001 Mtgs/12-06-01 Mtg/911 Cash Compensation Issues 12 03 01.doc	Microsoft Word 97	219648	12/3/2001 11:26:22 PM (2001-12-04 04:26:22 UTC)	7F7F4FC3A9DB6704C39EB6261075893D
7091	911 Cash Compensation Issues 12 04 01.doc	source [AD1]/September11Fund/Board/2001 Mtgs/12-06-01 Mtg/911 Cash Compensation Issues 12 04 01.doc	Microsoft Word 97	228864	12/4/2001 3:40:14 PM (2001-12-04 20:40:14 UTC)	5C8C49A22ED84F60BB6CA01641218574
7092	911 Cash Compensation Issues 12 04 final.doc	source [AD1]/September11Fund/Board/2001 Mtgs/12-06-01 Mtg/911 Cash Compensation Issues 12 04 final.doc	Microsoft Word 97	232960	12/5/2001 10:55:58 AM (2001-12-05 15:55:58 UTC)	0A78C373CEA0329F5A7815E3AEFF3496
6716	911 Cash Summary.xls	source [AD1]/NYCT - Josh and Lori/All Docs/911 Files/911/September11Fund/Board/1-16-02 mtg/911 Cash Summary.xls	Excel 97	29184	1/10/2002 11:47:02 AM (2002-01-10 16:47:02 UTC)	A8A421B2B069E5FCFCC024AA217639A7
6823	911 Ex Comm Mtg Agenda 6-25-02.doc	source [AD1]/NYCT - Josh and Lori/All Docs/911 Files/911/September11Fund/Board/Ex Comm Mtg 6-25-02/911 Ex Comm Mtg Agenda 6-25-02.doc	Microsoft Word 2000	192000	6/25/2002 11:50:38 AM (2002-06-25 15:50:38 UTC)	673933EF10EA91BB453E14C2A2F64556
7138	911 Update on Development of Financial Education.doc	source [AD1]/September11Fund/Board/2002 Mtgs/04-10-02 Mtg/911 Update on Development of Financial Education.doc	Microsoft Word 97	37888	4/5/2002 2:52:00 PM (2002-04-05 19:52:00 UTC)	E0D71ADBDB962E50656BB10E138203D9
6763	Access to Financial Advice.doc	source [AD1]/NYCT - Josh and Lori/All Docs/911 Files/911/September11Fund/Board/4-10-02 mtg/Access to Financial Advice.doc	Microsoft Word 2000	210944	4/5/2002 3:18:32 AM (2002-04-05 08:18:32 UTC)	47572608233926A09952BCBCF9929D65
7139	Access to Legal Advice 4-04 tim clean.doc	source [AD1]/September11Fund/Board/2002 Mtgs/04-10-02 Mtg/Access to Legal Advice 4-04 tim clean.doc	Microsoft Word 97	210432	4/4/2002 3:38:36 PM (2002-04-04 20:38:36 UTC)	381D9FC1E996D9238D5DC8F4E6DBF5C3
6764	Access to Legal Advice.doc	source [AD1]/NYCT - Josh and Lori/All Docs/911 Files/911/September11Fund/Board/4-10-02 mtg/Access to Legal Advice.doc	Microsoft Word 2000	215552	4/2/2002 9:42:20 PM (2002-04-03 02:42:20 UTC)	49D6598DF481FC03685DB8FADB68F140
6616	ACTUAL LABELS.doc	source [AD1]/NYCT - Josh and Lori/All Docs/911 Files/911/Lori A Harris/911 BOD/ACTUAL LABELS.doc	Microsoft Word 97	27648	11/30/2001 2:47:08 PM (2001-11-30 19:47:08 UTC)	B24EE3EE4EA58DC3EDFEEAFEED03497A
7159	admin budget slide 7-10.ppt	source [AD1]/September11Fund/Board/2002 Mtgs/07-10-02 Mtg/admin budget slide 7-10.ppt	PowerPoint 97	92672	7/3/2002 1:59:14 PM (2002-07-03 17:59:14 UTC)	08E78FA82B906D8A8C8D15E31AF26676
7195	Administrative Revenue and Expenses.doc	source [AD1]/September11Fund/Board/2003 Mtgs/03-19-03 Mtg/Administrative Revenue and Expenses.doc	Microsoft Word 97	23552	3/10/2003 10:45:36 AM (2003-03-10 15:45:36 UTC)	3FB900FC3D190E748738A52DF7B6D676
7196	agenda 03.19.03.doc	source [AD1]/September11Fund/Board/2003 Mtgs/03-19-03 Mtg/agenda 03.19.03.doc	Microsoft Word 97	24064	3/10/2003 2:56:58 PM (2003-03-10 19:56:58 UTC)	F2DBE39CCACB783888964398C2E2D6BA
7283	agenda 04.14.04.doc	source [AD1]/September11Fund/Board/2004 Mtgs/04.14.04 Mtg/agenda 04.14.04.doc	Microsoft Word 2000	25088	3/29/2004 11:38:28 AM (2004-03-29 16:38:28 UTC)	E814810630BB52E1E80A0E451F55E249
7253	agenda 10.01.03.doc	source [AD1]/September11Fund/Board/2003 Mtgs/10-01-03 Mtg/agenda 10.01.03.doc	Microsoft Word 97	24576	9/22/2003 2:14:46 PM (2003-09-22 18:14:46 UTC)	DD13FFF5D21CC8CF6331286982B69135
7265	agenda 12.10.03.doc	source [AD1]/September11Fund/Board/2003 Mtgs/12.10.03/agenda 12.10.03.doc	Microsoft Word 97	25088	12/2/2003 10:50:38 AM (2003-12-02 15:50:38 UTC)	2360D2466F093B030AB77C0086CC00F7
7297	agenda 12.8.04.doc	source [AD1]/September11Fund/Board/2004 Mtgs/12.8.04 Mtg/agenda 12.8.04.doc	Microsoft Word 2000	27648	11/23/2004 12:54:20 PM (2004-11-23 17:54:20 UTC)	3B1485B61B004DFAFB2266C2DA8F7817
7225	agenda 5.21.03.doc	source [AD1]/September11Fund/Board/2003 Mtgs/05-21-03 Mtg/agenda 5.21.03.doc	Microsoft Word 97	24064	5/13/2003 5:47:02 PM (2003-05-13 21:47:02 UTC)	1381737E1DB429FFB23C969C4358D0EA
4678	AmEx thank you.doc	source [AD1]/Jeffrie Z Allan/Board Reception/AmEx thank you.doc	Microsoft Word 2000	19456	12/9/2004 4:14:00 PM (2004-12-09 21:14:00 UTC)	D28982F7F4505B66113B779062CBC440
6617	anniv.report.blurb.doc	source [AD1]/NYCT - Josh and Lori/All Docs/911 Files/911/Lori A Harris/911 BOD/anniv.report.blurb.doc	Microsoft Word 97	20480	7/24/2002 5:59:50 PM (2002-07-24 21:59:50 UTC)	5393F82C96D74B9FC79787AE70DCDC93
6816	anniv.report.blurb.doc	source [AD1]/NYCT - Josh and Lori/All Docs/911 Files/911/September11Fund/Board/anniv.report.blurb.doc	Microsoft Word 97	19968	7/31/2002 6:23:22 PM (2002-07-31 22:23:22 UTC)	40D4D1916FEACF4E3BEAAA4BB642010F
6579	anti-bias.doc	source [AD1]/NYCT - Josh and Lori/All Docs/911 Files/911/Lori A Harris/911 BOD/11.6.02mtg/anti-bias.doc	Microsoft Word 97	19968	10/28/2002 12:10:44 PM (2002-10-28 17:10:44 UTC)	9B174CFC8E5BAC1FDD64C18E8DEDE4D9
6717	Appendix How Much Cost.doc	source [AD1]/NYCT - Josh and Lori/All Docs/911 Files/911/September11Fund/Board/1-16-02 mtg/Appendix How Much Cost.doc	Microsoft Word 97	190976	1/10/2002 6:14:42 PM (2002-01-10 23:14:42 UTC)	F62E694D09AAF523F5F959B39BCD26C1
7226	Appendix Page.doc	source [AD1]/September11Fund/Board/2003 Mtgs/05-21-03 Mtg/Appendix Page.doc	Microsoft Word 97	19456	5/14/2003 5:40:22 PM (2003-05-14 21:40:22 UTC)	8554CB25142BD4A2E05C70126BD6E559
6718	Assessing Needs and Priorities.doc	source [AD1]/NYCT - Josh and Lori/All Docs/911 Files/911/September11Fund/Board/1-16-02 mtg/Assessing Needs and Priorities.doc	Microsoft Word 97	229376	1/10/2002 7:22:32 PM (2002-01-11 00:22:32 UTC)	A3B6F9205DD9D0786DC4A9582F9A3BFF
7131	Assistance to Displaced Workers - one-page handout for Board meeting.doc	source [AD1]/September11Fund/Board/2002 Mtgs/02-13-02 Mtg/Assistance to Displaced Workers - one-page handout for Board meeting.doc	Microsoft Word 2000	20480	2/12/2002 5:43:20 PM (2002-02-12 22:43:20 UTC)	1B5812FF0EF29C0452F3F39E735997A6
6752	Assistance to Displaced Workers  one-page handout.doc	source [AD1]/NYCT - Josh and Lori/All Docs/911 Files/911/September11Fund/Board/2-13-02 Mtg/Assistance to Displaced Workers  one-page handout.doc	Microsoft Word 97	189440	2/12/2002 6:52:08 PM (2002-02-12 23:52:08 UTC)	F2E24174664E767FAC8972E1B3A52DE4
6753	Assistance to Displaced Workers.doc	source [AD1]/NYCT - Josh and Lori/All Docs/911 Files/911/September11Fund/Board/2-13-02 Mtg/Assistance to Displaced Workers.doc	Microsoft Word 97	230400	2/8/2002 1:29:50 PM (2002-02-08 18:29:50 UTC)	782CE840782C87A9177D0C57C54CD6B4
7254	attendees.doc	source [AD1]/September11Fund/Board/2003 Mtgs/10-01-03 Mtg/attendees.doc	Microsoft Word 97	19456	10/1/2003 3:44:26 PM (2003-10-01 19:44:26 UTC)	F387D893125BC77E85EE5983E917F537
7266	Attendees.doc	source [AD1]/September11Fund/Board/2003 Mtgs/12.10.03/Attendees.doc	Microsoft Word 97	20480	12/8/2003 5:42:26 PM (2003-12-08 22:42:26 UTC)	A3168C5FD4082BF87289F78448AF077C
6800	Backup of Board Meeting Agenda September 4.wbk	source [AD1]/NYCT - Josh and Lori/All Docs/911 Files/911/September11Fund/Board/9-4-02 Mtg/Backup of Board Meeting Agenda September 4.wbk	Microsoft Word 2000	192512	8/29/2002 5:01:04 PM (2002-08-29 21:01:04 UTC)	9032363519224102CEAC67D29FF0F4D8
6801	Backup of Eligibility Expansion Discussion Paper 8 26 02.wbk	source [AD1]/NYCT - Josh and Lori/All Docs/911 Files/911/September11Fund/Board/9-4-02 Mtg/Backup of Eligibility Expansion Discussion Paper 8 26 02.wbk	Microsoft Word 2000	1572352	8/29/2002 7:13:04 PM (2002-08-29 23:13:04 UTC)	1504409CAA3F91DE3817E8C9924F2EC6
6781	Backup of Minutes 7 10  Mtg.wbk	source [AD1]/NYCT - Josh and Lori/All Docs/911 Files/911/September11Fund/Board/7-10-02 Mtg/Backup of Minutes 7 10  Mtg.wbk	Microsoft Word 2000	198656	8/15/2002 12:30:22 PM (2002-08-15 16:30:22 UTC)	F07AB0A3D243178C732EBD2B35155B9E
6802	Backup of ORP Bd Update 9 4 Mtg.wbk	source [AD1]/NYCT - Josh and Lori/All Docs/911 Files/911/September11Fund/Board/9-4-02 Mtg/Backup of ORP Bd Update 9 4 Mtg.wbk	Microsoft Word 2000	28160	8/29/2002 6:23:14 PM (2002-08-29 22:23:14 UTC)	4B7391839C20059FDBCE5F6EDC376ACC
6803	Backup of Summary Board Memo 9 4 2002.wbk	source [AD1]/NYCT - Josh and Lori/All Docs/911 Files/911/September11Fund/Board/9-4-02 Mtg/Backup of Summary Board Memo 9 4 2002.wbk	Microsoft Word 2000	32256	8/29/2002 5:42:08 PM (2002-08-29 21:42:08 UTC)	54B010C426A520AAD142162C37ECFADA
6804	Backup of USG Needs Study Summary.wbk	source [AD1]/NYCT - Josh and Lori/All Docs/911 Files/911/September11Fund/Board/9-4-02 Mtg/Backup of USG Needs Study Summary.wbk	Microsoft Word 2000	37376	8/29/2002 5:28:14 PM (2002-08-29 21:28:14 UTC)	593A5C85549B5EFACB0C525E75316AB2
6805	Backup of Work with Family Groups.wbk	source [AD1]/NYCT - Josh and Lori/All Docs/911 Files/911/September11Fund/Board/9-4-02 Mtg/Backup of Work with Family Groups.wbk	Microsoft Word 2000	23040	8/29/2002 4:47:44 PM (2002-08-29 20:47:44 UTC)	5BEED70394F783C26F22A5CEC9ABB737
7160	bd budget7-10.xls	source [AD1]/September11Fund/Board/2002 Mtgs/07-10-02 Mtg/bd budget7-10.xls	Excel 97	134144	7/3/2002 2:34:44 PM (2002-07-03 18:34:44 UTC)	6E265B250762613F12AFEFEE69B1CF90
2936	Bd Communications Report 2.13 final.doc	source [AD1]/Jeanine Moss/Board/Bd Communications Report 2.13 final.doc	Microsoft Word 97	202240	2/13/2002 7:02:16 PM (2002-02-14 00:02:16 UTC)	C8FF0E704F531722928D4BED6ACAE1C3
6754	Bd Communications Report 2.13.doc	source [AD1]/NYCT - Josh and Lori/All Docs/911 Files/911/September11Fund/Board/2-13-02 Mtg/Bd Communications Report 2.13.doc	Microsoft Word 97	202752	2/7/2002 8:58:04 AM (2002-02-07 13:58:04 UTC)	828D18203A6D716AC38664498C25D247
2937	Bd Communications Report 4.2.doc	source [AD1]/Jeanine Moss/Board/Bd Communications Report 4.2.doc	Microsoft Word 97	206336	4/4/2002 5:48:04 PM (2002-04-04 22:48:04 UTC)	27A89486E2CFA794405D22AFB2D0BD65
2938	Bd Communications Report 5.20.doc	source [AD1]/Jeanine Moss/Board/Bd Communications Report 5.20.doc	Microsoft Word 2000	196096	5/20/2002 6:16:20 PM (2002-05-20 22:16:20 UTC)	C04757882293BB4344BA9B285A973F52
2939	Bd Communications Report FINAL4.10.doc	source [AD1]/Jeanine Moss/Board/Bd Communications Report FINAL4.10.doc	Microsoft Word 97	205312	4/4/2002 5:49:08 PM (2002-04-04 22:49:08 UTC)	7C7F684CA9DC117F59FEDF6E8497F334
7143	Bd Communications Report FINAL4.10.doc	source [AD1]/September11Fund/Board/2002 Mtgs/04-10-02 Mtg/Communications Papers/Bd Communications Report FINAL4.10.doc	Microsoft Word 97	205824	4/4/2002 6:16:14 PM (2002-04-04 23:16:14 UTC)	71FF96C142742F0EDA26B83967ABBD73
7093	bd mtg 12-6, service coordination memo.doc	source [AD1]/September11Fund/Board/2001 Mtgs/12-06-01 Mtg/bd mtg 12-6, service coordination memo.doc	Microsoft Word 97	41984	12/5/2001 3:04:56 AM (2001-12-05 08:04:56 UTC)	DA029131922C8D4BCC4F3B29F97B8721
7094	bd mtg, 12-6 scholarship coordination.doc	source [AD1]/September11Fund/Board/2001 Mtgs/12-06-01 Mtg/bd mtg, 12-6 scholarship coordination.doc	Microsoft Word 97	30720	12/5/2001 12:06:04 AM (2001-12-05 05:06:04 UTC)	5B8F37147495F1B5D67F835798BACF84
2940	BdCommreport2.13.doc	source [AD1]/Jeanine Moss/Board/BdCommreport2.13.doc	Microsoft Word 97	31744	2/6/2002 11:12:42 AM (2002-02-06 16:12:42 UTC)	4254EFFEF0375CB82A82AB820D6B54A6
6572	bdmtg.11.1.01.doc	source [AD1]/NYCT - Josh and Lori/All Docs/911 Files/911/Lori A Harris/911 BOD/11.01.01 mtg/bdmtg.11.1.01.doc	Microsoft Word 97	24576	10/26/2001 10:01:32 AM (2001-10-26 14:01:32 UTC)	A8508BCA17F6763CBB611F0EB96E56CA
6573	bdmtg.11.1.01.reminder.doc	source [AD1]/NYCT - Josh and Lori/All Docs/911 Files/911/Lori A Harris/911 BOD/11.01.01 mtg/bdmtg.11.1.01.reminder.doc	Microsoft Word 97	25600	10/31/2001 4:24:18 PM (2001-10-31 21:24:18 UTC)	03443A6496C6536131A716B0FC1BB720
6597	bdmtg.12.6.01.reminder.doc	source [AD1]/NYCT - Josh and Lori/All Docs/911 Files/911/Lori A Harris/911 BOD/12.06.01 mtg/bdmtg.12.6.01.reminder.doc	Microsoft Word 97	25600	12/3/2001 8:34:34 PM (2001-12-04 01:34:34 UTC)	F7032AB90D54A2FA608EE2CA6E3F342C
6609	bdmtg.4.10.02.reminder.doc	source [AD1]/NYCT - Josh and Lori/All Docs/911 Files/911/Lori A Harris/911 BOD/4.10.02mtg/bdmtg.4.10.02.reminder.doc	Microsoft Word 97	24576	4/4/2002 12:07:02 PM (2002-04-04 17:07:02 UTC)	B10FD551F962F25F01DB1C0AB914194E
6598	bdmtg.groundzero.attendance.doc	source [AD1]/NYCT - Josh and Lori/All Docs/911 Files/911/Lori A Harris/911 BOD/12.06.01 mtg/bdmtg.groundzero.attendance.doc	Microsoft Word 97	19968	12/5/2001 11:39:40 AM (2001-12-05 16:39:40 UTC)	522A141E529E8D5B0D33A2426DC05DF3
6619	Board Bios - Sept 11-- Final rev.doc	source [AD1]/NYCT - Josh and Lori/All Docs/911 Files/911/Lori A Harris/911 BOD/Board Bios - Sept 11-- Final rev.doc	Microsoft Word 97	35840	10/30/2001 9:59:08 AM (2001-10-30 14:59:08 UTC)	776936C4774CA1EB5202065E85692099
6574	Board Book Table of Contents 11-01-01 Mtg.doc	source [AD1]/NYCT - Josh and Lori/All Docs/911 Files/911/Lori A Harris/911 BOD/11.01.01 mtg/Board Book Table of Contents 11-01-01 Mtg.doc	Microsoft Word 97	24576	10/30/2001 8:05:20 PM (2001-10-31 01:05:20 UTC)	52A2120549AE7FC82C6CB4E7A311FC70
6599	Board Book Table of Contents 12-06-01 Mtg.doc	source [AD1]/NYCT - Josh and Lori/All Docs/911 Files/911/Lori A Harris/911 BOD/12.06.01 mtg/Board Book Table of Contents 12-06-01 Mtg.doc	Microsoft Word 97	25088	12/4/2001 1:00:16 AM (2001-12-04 06:00:16 UTC)	9CE257BBAB13A97FEDAE3F84103B8338
7097	Board Book Table of Contents 12-06-01 Mtg.doc	source [AD1]/September11Fund/Board/2001 Mtgs/12-06-01 Mtg/Board Book Table of Contents 12-06-01 Mtg.doc	Microsoft Word 97	24576	12/5/2001 1:02:06 PM (2001-12-05 18:02:06 UTC)	2BD96EFCE1EE6C9A25D2A6F6DDB30010
2941	Board Invitation to Press Conference.doc	source [AD1]/Jeanine Moss/Board/Board Invitation to Press Conference.doc	Microsoft Word 97	20992	12/10/2001 8:43:26 PM (2001-12-11 01:43:26 UTC)	9A30A8952C53947684DDF21CA7C26425
2965	BOARD LETTER YearTwoReport.doc	source [AD1]/Jeanine Moss/Board/Correspondence/BOARD LETTER YearTwoReport.doc	Microsoft Word 2000	21504	11/5/2003 4:00:12 PM (2003-11-05 21:00:12 UTC)	67F6329ADF4F079304A1669EA44B808A
5042	board mailing temp.doc	source [AD1]/Jeffrie Z Allan/LETTERS/board mailing/board mailing temp.doc	Microsoft Word 97	19968	11/26/2002 12:32:36 PM (2002-11-26 17:32:36 UTC)	8C316BD199A2CC6A4D12945823DD7CE3
5043	Board mailing.doc	source [AD1]/Jeffrie Z Allan/LETTERS/board mailing/Board mailing.doc	Microsoft Word 97	88064	11/26/2002 12:32:30 PM (2002-11-26 17:32:30 UTC)	2CF89571B2F623682F6CC06036A47BB9
6806	Board Meeting Agenda September 4.doc	source [AD1]/NYCT - Josh and Lori/All Docs/911 Files/911/September11Fund/Board/9-4-02 Mtg/Board Meeting Agenda September 4.doc	Microsoft Word 2000	193024	8/29/2002 5:01:20 PM (2002-08-29 21:01:20 UTC)	6D1DA9C20F3D59D5117010E06A7DF967
6807	Board Meeting Annotated Agenda September 4.doc	source [AD1]/NYCT - Josh and Lori/All Docs/911 Files/911/September11Fund/Board/9-4-02 Mtg/Board Meeting Annotated Agenda September 4.doc	Microsoft Word 2000	200704	9/4/2002 1:58:26 PM (2002-09-04 17:58:26 UTC)	8643BD160F790A2F63A6F912F9AD1FC0
6345	Board Meeting Minutes 12.8.04.doc	source [AD1]/Mary McShane/Word/Board Meeting Minutes 12.8.04.doc	Microsoft Word 2000	33280	12/30/2004 12:36:22 PM (2004-12-30 17:36:22 UTC)	60D52CFA1DC9A4999E1EE3732D68E4F2
7311	Board Meeting Minutes 12.8.04.doc	source [AD1]/September11Fund/Board/2004 Mtgs/Board Meeting Minutes 12.8.04.doc	Microsoft Word 2000	33280	3/28/2005 12:18:02 PM (2005-03-28 17:18:02 UTC)	73C42EB565BAA572E50AB02F3AB0615B
7298	Board memo 12.8.04.doc	source [AD1]/September11Fund/Board/2004 Mtgs/12.8.04 Mtg/Board memo 12.8.04.doc	Microsoft Word 2000	33280	11/23/2004 11:35:42 AM (2004-11-23 16:35:42 UTC)	742D92442A8D89BB33CFE6E8F49E1D26
7255	BOARD MEMO ON REVITALIZATION #2.doc	source [AD1]/September11Fund/Board/2003 Mtgs/10-01-03 Mtg/BOARD MEMO ON REVITALIZATION #2.doc	Microsoft Word 97	23040	9/17/2003 6:41:16 PM (2003-09-17 22:41:16 UTC)	F7E1A178F7F2C08DFBA08C7F9B71A800
7184	Board Mtg Agenda & TOC 1-15-03.doc	source [AD1]/September11Fund/Board/2003 Mtgs/01-15-03 Mtg/Board Mtg Agenda & TOC 1-15-03.doc	Microsoft Word 97	193536	1/8/2003 12:36:14 PM (2003-01-08 17:36:14 UTC)	E02CE2483C30047E3AF880B8FEC11A9F
2942	Board Pres 12 06 01 v2.ppt	source [AD1]/Jeanine Moss/Board/Board Pres 12 06 01 v2.ppt	PowerPoint 97	76800	12/4/2001 11:02:58 PM (2001-12-05 04:02:58 UTC)	0F2B56B9DD86DAC138FD9AD727C8F0A8
2943	BOARD REPORT March 2003.doc	source [AD1]/Jeanine Moss/Board/BOARD REPORT March 2003.doc	Microsoft Word 2000	24064	3/11/2003 6:13:42 PM (2003-03-11 23:13:42 UTC)	44C6F92C25ECF61CDE3DE4D3019328CE
7206	BOARD REPORT March 2003.doc	source [AD1]/September11Fund/Board/2003 Mtgs/03-19-03 Mtg/PR/BOARD REPORT March 2003.doc	Microsoft Word 97	21504	4/1/2003 2:44:38 PM (2003-04-01 19:44:38 UTC)	43D1BFC1AC6A737E0284F3F9BDC84506
2944	BOARD REPORT May 2003.doc	source [AD1]/Jeanine Moss/Board/BOARD REPORT May 2003.doc	Microsoft Word 2000	27136	5/13/2003 5:37:30 PM (2003-05-13 21:37:30 UTC)	9369ABC75C79A1D565420476807801E1
7174	board talk.doc	source [AD1]/September11Fund/Board/2002 Mtgs/11-06-02 Mtg/board talk.doc	Microsoft Word 97	27136	11/11/2002 2:41:10 PM (2002-11-11 19:41:10 UTC)	605020223992C85AC7A4138DD17547FC
2945	BOARD TALKING POINTS11.1.doc	source [AD1]/Jeanine Moss/Board/BOARD TALKING POINTS11.1.doc	Microsoft Word 97	36864	11/1/2001 12:55:58 PM (2001-11-01 17:55:58 UTC)	3414EEA29BC3AD8D89E2F9591F31291C
9320	Board Update anti-bias.doc	source [AD1]/Tim Wu/My Documents/Board Update anti-bias.doc	Microsoft Word 97	21504	10/25/2002 7:48:30 PM (2002-10-25 23:48:30 UTC)	F8E58B5E9CE34257E0ED972B450388B3
2946	Board.doc	source [AD1]/Jeanine Moss/Board/Board.doc	Microsoft Word 97	39424	1/2/2002 6:19:00 PM (2002-01-02 23:19:00 UTC)	191FB38173689975948BDF7EC9A41227
7342	boardaffiliationlist.doc	source [AD1]/September11Fund/Board/boardaffiliationlist.doc	Microsoft Word 97	26624	1/14/2003 12:06:48 PM (2003-01-14 17:06:48 UTC)	D2CBE424C457FB9D3299C104310D54A9
9321	boardaffiliationlist.doc	source [AD1]/Tim Wu/My Documents/boardaffiliationlist.doc	Microsoft Word 97	25600	1/14/2003 3:59:22 PM (2003-01-14 20:59:22 UTC)	149BEE02C0436D8F6C104CEA2757C701
3822	BoardArticles3.11.03.doc	source [AD1]/Jeanine Moss/Press/articles/BoardArticles3.11.03/BoardArticles3.11.03.doc	Microsoft Word 2000	167424	3/11/2003 6:19:16 PM (2003-03-11 23:19:16 UTC)	37D31D0CC31EE5D11E39DED16F96BE6D
7207	BoardArticles3.11.03.doc	source [AD1]/September11Fund/Board/2003 Mtgs/03-19-03 Mtg/PR/BoardArticles3.11.03.doc	Microsoft Word 97	151552	3/11/2003 5:07:22 PM (2003-03-11 22:07:22 UTC)	000C0E16026CA918C8A5E6157A46000D
2947	BoardArticles3.19.04.doc	source [AD1]/Jeanine Moss/Board/BoardArticles3.19.04.doc	Microsoft Word 2000	407040	4/1/2004 1:20:00 PM (2004-04-01 18:20:00 UTC)	61DC11ACF4B586295FED045C121924D2
3823	BoardArticles5.13.03.doc	source [AD1]/Jeanine Moss/Press/articles/BoardArticles3.11.03/BoardArticles5.13.03.doc	Microsoft Word 2000	601088	5/13/2003 5:11:02 PM (2003-05-13 21:11:02 UTC)	85609551809708D7C45BE7F309D8A7F9
2948	BoardBlurb8.29.doc	source [AD1]/Jeanine Moss/Board/BoardBlurb8.29.doc	Microsoft Word 2000	23552	8/29/2002 10:59:04 AM (2002-08-29 14:59:04 UTC)	99ACEF1856FB2EA850836A9B9965E0D4
2949	BoardComm10.9.03.doc	source [AD1]/Jeanine Moss/Board/BoardComm10.9.03.doc	Microsoft Word 2000	24576	9/25/2003 3:36:30 PM (2003-09-25 19:36:30 UTC)	A3A904A95DAFFDC7E870191B57690C6F
2950	BoardComm12.10.03.doc	source [AD1]/Jeanine Moss/Board/BoardComm12.10.03.doc	Microsoft Word 2000	24064	11/26/2003 2:21:32 PM (2003-11-26 19:21:32 UTC)	DA8FDB9871BE6F07A7E3EC79B86F8128
2951	Boardcomm2.19.doc	source [AD1]/Jeanine Moss/Board/Boardcomm2.19.doc	Microsoft Word 97	26112	2/19/2002 2:30:40 PM (2002-02-19 19:30:40 UTC)	C1A3CCD517D6ED71E1E8EC7F7F134DD2
2952	BoardCommContact.doc	source [AD1]/Jeanine Moss/Board/BoardCommContact.doc	Microsoft Word 97	23552	11/12/2001 3:16:56 PM (2001-11-12 20:16:56 UTC)	57B6498C15A97ADAE27378F4B61A4193
2953	BoardCommPlan12.6.doc	source [AD1]/Jeanine Moss/Board/BoardCommPlan12.6.doc	Microsoft Word 97	77824	12/2/2001 5:49:04 PM (2001-12-02 22:49:04 UTC)	12CAEC01DF509416E440AB21C15D4EBA
2954	BoardCommRpt1.16.02.doc	source [AD1]/Jeanine Moss/Board/BoardCommRpt1.16.02.doc	Microsoft Word 97	29696	1/8/2002 7:17:22 PM (2002-01-09 00:17:22 UTC)	C3D2B0166FF918FD3D267D280AE48C51
2955	Boardlet12.14.doc	source [AD1]/Jeanine Moss/Board/Boardlet12.14.doc	Microsoft Word 97	26112	12/14/2001 4:53:22 PM (2001-12-14 21:53:22 UTC)	238DC9022755FAFA477081BF03FCFC41
6817	boardletter.email.doc	source [AD1]/NYCT - Josh and Lori/All Docs/911 Files/911/September11Fund/Board/boardletter.email.doc	Microsoft Word 97	39424	4/8/2002 12:36:46 PM (2002-04-08 16:36:46 UTC)	6FACF9CFF50C3ACE552105AB8B82D705
6620	boardlist.doc	source [AD1]/NYCT - Josh and Lori/All Docs/911 Files/911/Lori A Harris/911 BOD/boardlist.doc	Microsoft Word 97	28672	12/20/2001 12:48:32 PM (2001-12-20 17:48:32 UTC)	61C1A335E828684B4B04FCF5C87362AF
7343	boardlist.doc	source [AD1]/September11Fund/Board/boardlist.doc	Microsoft Word 2000	29184	11/16/2004 11:46:48 AM (2004-11-16 16:46:48 UTC)	AC1EE928F60D722129D32309778A40FE
6621	boardmembers.report.doc	source [AD1]/NYCT - Josh and Lori/All Docs/911 Files/911/Lori A Harris/911 BOD/boardmembers.report.doc	Microsoft Word 97	23552	10/23/2002 3:11:46 PM (2002-10-23 19:11:46 UTC)	7770EBA06B493FF622AD32A5C7A82E13
7267	Boardmin10.01.03.doc	source [AD1]/September11Fund/Board/2003 Mtgs/12.10.03/Boardmin10.01.03.doc	Microsoft Word 97	31744	11/26/2003 12:04:22 PM (2003-11-26 17:04:22 UTC)	D27841CB81CE9070109CEDCD1FA10580
7284	boardmin12.10.03.doc	source [AD1]/September11Fund/Board/2004 Mtgs/04.14.04 Mtg/boardmin12.10.03.doc	Microsoft Word 2000	33792	4/7/2004 5:46:16 PM (2004-04-07 21:46:16 UTC)	170E4ABE23B38FAB5ED9348684A04F83
7299	boardmin4.14.041.doc	source [AD1]/September11Fund/Board/2004 Mtgs/12.8.04 Mtg/boardmin4.14.041.doc	Microsoft Word 2000	39936	10/29/2004 12:21:26 PM (2004-10-29 16:21:26 UTC)	EC9E7A4592F85BFC754041223241968F
7313	boardmin4.14.041.doc	source [AD1]/September11Fund/Board/2004 Mtgs/Summer Mailing 7.23.04/boardmin4.14.041.doc	Microsoft Word 97	39424	5/19/2004 11:34:04 AM (2004-05-19 15:34:04 UTC)	816F9E4B489A32739C436AF4F32D741C
2956	BoardPres11.1.ppt	source [AD1]/Jeanine Moss/Board/BoardPres11.1.ppt	PowerPoint 97	387072	4/24/2002 6:20:36 PM (2002-04-24 22:20:36 UTC)	45E28BC0DE0FF85124ECACB0EF88F7A9
2957	BoardPres12.4.ppt	source [AD1]/Jeanine Moss/Board/BoardPres12.4.ppt	PowerPoint 97	39936	12/4/2001 11:02:58 PM (2001-12-05 04:02:58 UTC)	623C13F79059DDF9CF1CEB64086257EC
2958	BoardPresNov2001.ppt	source [AD1]/Jeanine Moss/Board/BoardPresNov2001.ppt	PowerPoint 97	353280	4/24/2002 6:44:54 PM (2002-04-24 22:44:54 UTC)	BC79B88BD6667E7CC9885E313480A8C7
2959	Boardresearch11.30.ppt	source [AD1]/Jeanine Moss/Board/Boardresearch11.30.ppt	PowerPoint 97	839680	4/24/2002 4:36:08 PM (2002-04-24 20:36:08 UTC)	D6CED4CC34CB031B7EFFC1A0A9694D4B
2960	BoardRpt10.02.doc	source [AD1]/Jeanine Moss/Board/BoardRpt10.02.doc	Microsoft Word 2000	171520	10/23/2002 12:49:30 PM (2002-10-23 16:49:30 UTC)	90E629EE55441E03B553EF06C72D4D02
7175	BoardRpt10.02.doc	source [AD1]/September11Fund/Board/2002 Mtgs/11-06-02 Mtg/BoardRpt10.02.doc	Microsoft Word 97	169984	10/31/2002 11:09:02 AM (2002-10-31 16:09:02 UTC)	8D5F9EE23F21A7D80F837AA691CC672E
7344	BOD Conflict of Interest.xls	source [AD1]/September11Fund/Board/BOD Conflict of Interest.xls	Excel 97	40448	1/31/2003 10:07:14 AM (2003-01-31 15:07:14 UTC)	B636F6C02FE504B1F0E5C4EEA5064FC4
7075	bod.11.1.01.minutes.final.doc	source [AD1]/September11Fund/Board/2001 Mtgs/11-01-01 Mtg/bod.11.1.01.minutes.final.doc	Microsoft Word 97	33280	12/6/2001 10:27:30 AM (2001-12-06 15:27:30 UTC)	A0E4E5B1DD10D5B0C199673E7ACE65E1
2961	bod.datalist.doc	source [AD1]/Jeanine Moss/Board/bod.datalist.doc	Microsoft Word 97	54272	2/15/2002 6:03:12 PM (2002-02-15 23:03:12 UTC)	43755C91B00D5DEE74F48E53C7CC2F3B
6622	bod.datalist.doc	source [AD1]/NYCT - Josh and Lori/All Docs/911 Files/911/Lori A Harris/911 BOD/bod.datalist.doc	Microsoft Word 97	53760	11/26/2002 3:03:02 PM (2002-11-26 20:03:02 UTC)	CD6D5F9ECA8E5E943BD715F14F662866
6818	bod.datalist.doc	source [AD1]/NYCT - Josh and Lori/All Docs/911 Files/911/September11Fund/Board/bod.datalist.doc	Microsoft Word 97	54272	6/26/2002 3:09:28 PM (2002-06-26 19:09:28 UTC)	B8823BAD8152B6395BF2D496CB3CF277
7345	bod.datalist.doc	source [AD1]/September11Fund/Board/bod.datalist.doc	Microsoft Word 97	55808	9/11/2003 1:35:48 PM (2003-09-11 17:35:48 UTC)	97639BEFB2E08C3B6D57BCB8C099CFB6
2962	bod.datalist11.02.doc	source [AD1]/Jeanine Moss/Board/bod.datalist11.02.doc	Microsoft Word 2000	73728	11/12/2002 9:40:38 AM (2002-11-12 14:40:38 UTC)	73D3FBBF58C36D6EEF8C0B6FF70BEBD4
4679	bod.datalist2.doc	source [AD1]/Jeffrie Z Allan/Board Reception/bod.datalist2.doc	Microsoft Word 2000	73216	5/31/2005 12:43:52 PM (2005-05-31 16:43:52 UTC)	B3EF9F3371C321CD491539F10FBA175E
7346	bod.datalist2.doc	source [AD1]/September11Fund/Board/bod.datalist2.doc	Microsoft Word 2000	73216	11/3/2005 2:16:46 PM (2005-11-03 19:16:46 UTC)	1BF421784C6F790C8DA01DAA11B2B509
7140	BODmeeting 4-10 attendance.doc	source [AD1]/September11Fund/Board/2002 Mtgs/04-10-02 Mtg/BODmeeting 4-10 attendance.doc	Microsoft Word 97	22528	7/1/2002 11:11:46 AM (2002-07-01 15:11:46 UTC)	09F415C31A4576E6D84B1B112B6546CD
6765	Budget Discussion Paper.doc	source [AD1]/NYCT - Josh and Lori/All Docs/911 Files/911/September11Fund/Board/4-10-02 mtg/Budget Discussion Paper.doc	Microsoft Word 2000	191488	4/4/2002 10:46:52 PM (2002-04-05 03:46:52 UTC)	C930F27037DDDBBD5FFF377E5A7BACB0
7141	Budget Discussion Paper.doc	source [AD1]/September11Fund/Board/2002 Mtgs/04-10-02 Mtg/Budget Discussion Paper.doc	Microsoft Word 97	191488	4/5/2002 8:51:58 AM (2002-04-05 13:51:58 UTC)	641DA770A5EC2861900F54288C7A5030
2975	Bushkinthanksjg.doc	source [AD1]/Jeanine Moss/Board/ThankYous/Bushkinthanksjg.doc	Microsoft Word 97	21504	3/19/2002 5:23:08 PM (2002-03-19 22:23:08 UTC)	B86171D246A9230310CE5BD1977A7751
7285	C-towncampaignupdatememo2.doc	source [AD1]/September11Fund/Board/2004 Mtgs/04.14.04 Mtg/C-towncampaignupdatememo2.doc	Microsoft Word 2000	30720	3/29/2004 1:06:22 PM (2004-03-29 18:06:22 UTC)	3B0E8070073E63441E0B66978D1CDF8D
6719	Case Management Issues and Proposals.doc	source [AD1]/NYCT - Josh and Lori/All Docs/911 Files/911/September11Fund/Board/1-16-02 mtg/Case Management Issues and Proposals.doc	Microsoft Word 97	214016	1/10/2002 7:37:24 PM (2002-01-11 00:37:24 UTC)	A4E80F9013B2D3C3259F1A972EC0ED37
6580	casemanage&employment.doc	source [AD1]/NYCT - Josh and Lori/All Docs/911 Files/911/Lori A Harris/911 BOD/11.6.02mtg/casemanage&employment.doc	Microsoft Word 97	22528	10/28/2002 12:29:36 PM (2002-10-28 17:29:36 UTC)	0514940BBC5C2F8C9318757AEBF1D59C
7185	Cash Assistance Stats 2002.xls	source [AD1]/September11Fund/Board/2003 Mtgs/01-15-03 Mtg/Cash Assistance Stats 2002.xls	Excel 97	2076160	1/8/2003 11:13:44 AM (2003-01-08 16:13:44 UTC)	EEB3A42BE2E3C284C6C0B7D178F7CC52
7286	Cash Summary 02-31-04.xls	source [AD1]/September11Fund/Board/2004 Mtgs/04.14.04 Mtg/Cash Summary 02-31-04.xls	Excel 2000	23552	4/6/2004 5:12:10 PM (2004-04-06 21:12:10 UTC)	63D92A27A756B8050C56CD80A97611D3
7197	Cash Summary 03-19-03.xls	source [AD1]/September11Fund/Board/2003 Mtgs/03-19-03 Mtg/Cash Summary 03-19-03.xls	Excel 97	23552	3/10/2003 9:14:40 AM (2003-03-10 14:14:40 UTC)	3AA8A77DC752D603B2963FDB15D4B437
7227	Cash Summary 05-21-03.xls	source [AD1]/September11Fund/Board/2003 Mtgs/05-21-03 Mtg/Cash Summary 05-21-03.xls	Excel 2000	22528	5/12/2003 10:33:24 AM (2003-05-12 14:33:24 UTC)	87628BF018236C3F95DEB9C4C3D023C6
7256	Cash Summary 08-31-03.xls	source [AD1]/September11Fund/Board/2003 Mtgs/10-01-03 Mtg/Cash Summary 08-31-03.xls	Excel 2000	22528	9/3/2003 2:11:54 PM (2003-09-03 18:11:54 UTC)	8C2797850F5CF75C83231DB94DED676F
7268	Cash Summary 08-31-03.xls	source [AD1]/September11Fund/Board/2003 Mtgs/12.10.03/Cash Summary 08-31-03.xls	Excel 97	25088	12/2/2003 12:40:58 PM (2003-12-02 17:40:58 UTC)	BC0D8E9E289AA2AC6DEC51A4A6AD712C
7186	Cash Summary 1-3-03.xls	source [AD1]/September11Fund/Board/2003 Mtgs/01-15-03 Mtg/Cash Summary 1-3-03.xls	Excel 97	23552	1/6/2003 9:18:34 AM (2003-01-06 14:18:34 UTC)	7EA8581A9EDDFA5CCB498D5BB3C7B061
7176	Cash Summary 11-6-02.xls	source [AD1]/September11Fund/Board/2002 Mtgs/11-06-02 Mtg/Cash Summary 11-6-02.xls	Excel 97	22016	11/5/2002 11:58:46 AM (2002-11-05 16:58:46 UTC)	F2DB8EC62E70CEAB04EE486C54CBA6D0
6824	Cash Summary 6 21 02.xls	source [AD1]/NYCT - Josh and Lori/All Docs/911 Files/911/September11Fund/Board/Ex Comm Mtg 6-25-02/Cash Summary 6 21 02.xls	Excel 2000	19456	6/25/2002 10:54:26 AM (2002-06-25 14:54:26 UTC)	B271F67C848378F9B08E082DDD66B523
6581	Cash Summary 6 30 02.xls	source [AD1]/NYCT - Josh and Lori/All Docs/911 Files/911/Lori A Harris/911 BOD/11.6.02mtg/Cash Summary 6 30 02.xls	Excel 97	21504	10/30/2002 6:06:54 PM (2002-10-30 23:06:54 UTC)	2645ECC6DC8D0CD836680FED2555F46F
6782	Cash Summary 6 30 02.xls	source [AD1]/NYCT - Josh and Lori/All Docs/911 Files/911/September11Fund/Board/7-10-02 Mtg/Cash Summary 6 30 02.xls	Excel 2000	20480	7/2/2002 7:19:54 PM (2002-07-02 23:19:54 UTC)	B0BC124F20991F0021F1C163C1C3ADC9
6819	Cash Summary 9 30 02.xls	source [AD1]/NYCT - Josh and Lori/All Docs/911 Files/911/September11Fund/Board/Cash Summary 9 30 02.xls	Excel 97	22016	11/5/2002 10:33:04 AM (2002-11-05 15:33:04 UTC)	92978EF4E9FC79C19250393CFCC98E52
6766	Cash Summary.xls	source [AD1]/NYCT - Josh and Lori/All Docs/911 Files/911/September11Fund/Board/4-10-02 mtg/Cash Summary.xls	Excel 2000	16384	4/4/2002 10:48:44 AM (2002-04-04 15:48:44 UTC)	53F78EA55112EE2C61B13459F340D434
6582	cash&legal advice..doc	source [AD1]/NYCT - Josh and Lori/All Docs/911 Files/911/Lori A Harris/911 BOD/11.6.02mtg/cash&legal advice..doc	Microsoft Word 97	20480	10/28/2002 12:12:38 PM (2002-10-28 17:12:38 UTC)	4F84FDB00ADCA709FA1A954C5E2252CA
6583	ChildrenandSchoolsBoard Preparation.10.24.02.doc	source [AD1]/NYCT - Josh and Lori/All Docs/911 Files/911/Lori A Harris/911 BOD/11.6.02mtg/ChildrenandSchoolsBoard Preparation.10.24.02.doc	Microsoft Word 97	21504	10/28/2002 12:27:36 PM (2002-10-28 17:27:36 UTC)	EE4AA0AE61429A4E1F0F18A2DBA85BD7
7287	ChinatownBoardDeck041404.ppt	source [AD1]/September11Fund/Board/2004 Mtgs/04.14.04 Mtg/ChinatownBoardDeck041404.ppt	PowerPoint 97	844800	5/5/2004 1:14:56 PM (2004-05-05 17:14:56 UTC)	8049DB27FE2BF69C43106CF7BF8BBD36
6820	Christy.doc	source [AD1]/NYCT - Josh and Lori/All Docs/911 Files/911/September11Fund/Board/Christy.doc	Microsoft Word 97	19456	11/13/2001 11:12:16 AM (2001-11-13 16:12:16 UTC)	B15A8EC34C164F2A8C3A9D57219265DE
7335	Close Out Meeting Minutes 11-03-05.doc	source [AD1]/September11Fund/Board/2005 Mtgs/Close Out Committee Meeting 11.03.05/Close Out Meeting Minutes 11-03-05.doc	Microsoft Word 2000	34816	11/15/2005 11:06:52 AM (2005-11-15 16:06:52 UTC)	0546673123BEE79EC75676AE0EA3965C
7322	Close Out Meeting Minutes 4.4.05.doc	source [AD1]/September11Fund/Board/2005 Mtgs/Close Out Committee Meeting 04.4.05/Close Out Meeting Minutes 4.4.05.doc	Microsoft Word 2000	32256	6/30/2005 11:49:24 AM (2005-06-30 15:49:24 UTC)	6E8189C1E302C3B07CF4FFCFE571FF04
7329	Close Out Meeting Minutes 6-30-05.doc	source [AD1]/September11Fund/Board/2005 Mtgs/Close Out Committee Meeting 06.30.05/Close Out Meeting Minutes 6-30-05.doc	Microsoft Word 2000	33792	10/27/2005 11:55:12 AM (2005-10-27 15:55:12 UTC)	75427E11698CCE2C3774F98CAC027853
7336	Close out memo 11-03.doc	source [AD1]/September11Fund/Board/2005 Mtgs/Close Out Committee Meeting 11.03.05/Close out memo 11-03.doc	Microsoft Word 2000	25600	10/27/2005 12:00:24 PM (2005-10-27 16:00:24 UTC)	E312FE868880BB4CA0192F56F048D93F
7323	Close out memo 3.28.doc	source [AD1]/September11Fund/Board/2005 Mtgs/Close Out Committee Meeting 04.4.05/Close out memo 3.28.doc	Microsoft Word 2000	23040	3/28/2005 11:16:34 AM (2005-03-28 16:16:34 UTC)	9B08F714DACA3D8441831AF8B2B0988C
7330	Close out memo 6-23.doc	source [AD1]/September11Fund/Board/2005 Mtgs/Close Out Committee Meeting 06.30.05/Close out memo 6-23.doc	Microsoft Word 2000	24576	6/23/2005 1:29:30 PM (2005-06-23 17:29:30 UTC)	BEF6656E04AD24F5C028F0B9CB70536B
2963	COMMReport1.16.02.doc	source [AD1]/Jeanine Moss/Board/COMMReport1.16.02.doc	Microsoft Word 97	27136	1/2/2002 6:54:22 PM (2002-01-02 23:54:22 UTC)	B45F1113E2B5DA32D98FD31DC823B7B5
6720	Communications Update.doc	source [AD1]/NYCT - Josh and Lori/All Docs/911 Files/911/September11Fund/Board/1-16-02 mtg/Communications Update.doc	Microsoft Word 97	30720	1/10/2002 4:29:18 PM (2002-01-10 21:29:18 UTC)	92FA828B6B867322D4627CFDC45468C2
7300	Contributions to administrative account.doc	source [AD1]/September11Fund/Board/2004 Mtgs/12.8.04 Mtg/Contributions to administrative account.doc	Microsoft Word 2000	28672	11/30/2004 3:35:56 PM (2004-11-30 20:35:56 UTC)	31382C411C0C1DFA653F417368E487CC
6721	Coordination Update Jan 2002.doc	source [AD1]/NYCT - Josh and Lori/All Docs/911 Files/911/September11Fund/Board/1-16-02 mtg/Coordination Update Jan 2002.doc	Microsoft Word 97	36352	1/10/2002 2:11:58 PM (2002-01-10 19:11:58 UTC)	51E536CA19AC6CF90EE8D021C80FF56A
6783	Cover Memo on Ongoing Recovery Program.doc	source [AD1]/NYCT - Josh and Lori/All Docs/911 Files/911/September11Fund/Board/7-10-02 Mtg/Cover Memo on Ongoing Recovery Program.doc	Microsoft Word 97	197120	7/3/2002 5:56:06 PM (2002-07-03 21:56:06 UTC)	28322685AC4594E6C55618E014D56893
7198	coverletter3.19.03.doc	source [AD1]/September11Fund/Board/2003 Mtgs/03-19-03 Mtg/coverletter3.19.03.doc	Microsoft Word 97	20480	3/7/2003 4:57:34 PM (2003-03-07 21:57:34 UTC)	DEC935C226A31DDD85D5DAFFB3BB0339
7187	coverltr.1.15.03.mg.doc	source [AD1]/September11Fund/Board/2003 Mtgs/01-15-03 Mtg/coverltr.1.15.03.mg.doc	Microsoft Word 97	23040	1/2/2003 1:16:10 PM (2003-01-02 18:16:10 UTC)	C85466A2559D4456D828D860C2AEF513
7257	coverpage.10.01.doc	source [AD1]/September11Fund/Board/2003 Mtgs/10-01-03 Mtg/coverpage.10.01.doc	Microsoft Word 97	22528	9/12/2003 12:23:04 PM (2003-09-12 16:23:04 UTC)	5E1A5FE7DD053EEE0E343AD18EA218A8
7269	coverpage.12.10.03.doc	source [AD1]/September11Fund/Board/2003 Mtgs/12.10.03/coverpage.12.10.03.doc	Microsoft Word 97	22528	11/19/2003 12:53:38 PM (2003-11-19 17:53:38 UTC)	2D9C28EB4526EB263DF11F5D336D8D25
6563	coverpage.2.13.doc	source [AD1]/NYCT - Josh and Lori/All Docs/911 Files/911/Lori A Harris/911 BOD/1.16.02 mtg/coverpage.2.13.doc	Microsoft Word 97	22528	2/7/2002 4:00:56 PM (2002-02-07 21:00:56 UTC)	2E5EE3DF8556DDFC4D06B81318D1DACB
6624	coverpage.4.10.doc	source [AD1]/NYCT - Josh and Lori/All Docs/911 Files/911/Lori A Harris/911 BOD/coverpage.4.10.doc	Microsoft Word 97	22528	4/3/2002 11:27:14 AM (2002-04-03 16:27:14 UTC)	5DBFA0C11A39CB2FEBD59A3967A0CA46
7149	coverpage.4.10.doc	source [AD1]/September11Fund/Board/2002 Mtgs/04-10-02 Mtg/coverpage.4.10.doc	Microsoft Word 97	22528	4/4/2002 6:55:34 PM (2002-04-04 23:55:34 UTC)	F585E9462A4A8F8C62EBEBE94FFE606A
7199	coverpage.4.10.doc	source [AD1]/September11Fund/Board/2003 Mtgs/03-19-03 Mtg/coverpage.4.10.doc	Microsoft Word 97	22528	3/5/2003 11:39:16 AM (2003-03-05 16:39:16 UTC)	0A568CE88AA3E079ACE225F33A046BAF
7228	coverpage.4.10.doc	source [AD1]/September11Fund/Board/2003 Mtgs/05-21-03 Mtg/coverpage.4.10.doc	Microsoft Word 97	22528	5/12/2003 6:32:12 PM (2003-05-12 22:32:12 UTC)	6EE0F68913691B1AB29F09F24F387E67
7288	coverpage.4.14.04.doc	source [AD1]/September11Fund/Board/2004 Mtgs/04.14.04 Mtg/coverpage.4.14.04.doc	Microsoft Word 2000	21504	3/22/2004 1:52:56 PM (2004-03-22 18:52:56 UTC)	3FCAB1CB2BE529F2D9899E14E0EBE94D
6625	coverpage.7.10.doc	source [AD1]/NYCT - Josh and Lori/All Docs/911 Files/911/Lori A Harris/911 BOD/coverpage.7.10.doc	Microsoft Word 97	22528	10/31/2002 3:39:06 PM (2002-10-31 20:39:06 UTC)	E1384B4105A00AFBBF6DD75D7FB02EBE
6564	coverpage.doc	source [AD1]/NYCT - Josh and Lori/All Docs/911 Files/911/Lori A Harris/911 BOD/1.16.02 mtg/coverpage.doc	Microsoft Word 97	22528	1/7/2002 3:28:34 PM (2002-01-07 20:28:34 UTC)	C4354022CB8E809206CAF0012B187C08
6821	coverpage.doc	source [AD1]/NYCT - Josh and Lori/All Docs/911 Files/911/September11Fund/Board/coverpage.doc	Microsoft Word 97	22528	1/7/2003 4:23:28 PM (2003-01-07 21:23:28 UTC)	8349A5A83640A954902E11B350615EEB
6626	COVERPAGE.DOC.in2	source [AD1]/NYCT - Josh and Lori/All Docs/911 Files/911/Lori A Harris/911 BOD/COVERPAGE.DOC.in2	Microsoft Word 97	22528	10/30/2001 12:35:58 PM (2001-10-30 17:35:58 UTC)	0FE8B2EEA9AA1357F78B0CE396ED08AD
7301	Dates of Agendas and Minutes.doc	source [AD1]/September11Fund/Board/2004 Mtgs/12.8.04 Mtg/Dates of Agendas and Minutes.doc	Microsoft Word 2000	23552	12/1/2004 2:44:08 PM (2004-12-01 19:44:08 UTC)	030381CBE54DDC065443C07D2734EBEA
6627	DECEMBER 12TH  PRESS CONFERENCE-attendance.doc	source [AD1]/NYCT - Josh and Lori/All Docs/911 Files/911/Lori A Harris/911 BOD/DECEMBER 12TH  PRESS CONFERENCE-attendance.doc	Microsoft Word 97	19968	12/11/2001 6:27:10 PM (2001-12-11 23:27:10 UTC)	E31B384617D87F0FB99CCBC30424B020
6722	Defining Scope of September 11th Fund Grants.doc	source [AD1]/NYCT - Josh and Lori/All Docs/911 Files/911/September11Fund/Board/1-16-02 mtg/Defining Scope of September 11th Fund Grants.doc	Microsoft Word 97	212480	1/10/2002 6:25:16 PM (2002-01-10 23:25:16 UTC)	A51041A5F027F9DF8747C550D173CACC
7302	Demographics report10.22F.pdf	source [AD1]/September11Fund/Board/2004 Mtgs/12.8.04 Mtg/Demographics report10.22F.pdf	Adobe Acrobat	379526	10/29/2004 12:29:32 PM (2004-10-29 16:29:32 UTC)	7F07B7CBE1822C36581DC1699868159A
6755	DRAFT -- update on cash assistance.doc	source [AD1]/NYCT - Josh and Lori/All Docs/911 Files/911/September11Fund/Board/2-13-02 Mtg/DRAFT -- update on cash assistance.doc	Microsoft Word 97	204288	2/2/2002 3:50:22 PM (2002-02-02 20:50:22 UTC)	37976A5F429B98A1815E16E8AC7651F4
7201	EAPBoard Memo 3-03.doc	source [AD1]/September11Fund/Board/2003 Mtgs/03-19-03 Mtg/EAP/EAPBoard Memo 3-03.doc	Microsoft Word 97	43520	3/12/2003 1:02:54 PM (2003-03-12 18:02:54 UTC)	C2B942FF181CD98CE0E18550E6FE389E
6784	Eligibility Expansion Discussion Paper 7 3 02.doc	source [AD1]/NYCT - Josh and Lori/All Docs/911 Files/911/September11Fund/Board/7-10-02 Mtg/Eligibility Expansion Discussion Paper 7 3 02.doc	Microsoft Word 2000	779264	7/3/2002 12:53:34 PM (2002-07-03 16:53:34 UTC)	006872A542681D0EDD76F2EE76A53836
6808	Eligibility Expansion Discussion Paper 8 26 02.doc	source [AD1]/NYCT - Josh and Lori/All Docs/911 Files/911/September11Fund/Board/9-4-02 Mtg/Eligibility Expansion Discussion Paper 8 26 02.doc	Microsoft Word 97	1572352	8/30/2002 1:05:58 PM (2002-08-30 17:05:58 UTC)	35C427C4FEE958FDFCB527299D6AEA4B
7167	Eligibility Expansion Discussion Paper 8 26 02.doc	source [AD1]/September11Fund/Board/2002 Mtgs/09-04-02 Mtg/Eligibility Expansion Discussion Paper 8 26 02.doc	Microsoft Word 97	1571328	8/30/2002 3:04:54 PM (2002-08-30 19:04:54 UTC)	5AE5B41B252A29E9E0E9821EA0BD4F3A
6628	eristoffcoverfax.doc	source [AD1]/NYCT - Josh and Lori/All Docs/911 Files/911/Lori A Harris/911 BOD/eristoffcoverfax.doc	Microsoft Word 97	20480	5/20/2002 12:03:28 PM (2002-05-20 16:03:28 UTC)	E026154C657A1BF3C8F2B4836D370168
7150	Estimate Program Costs Slide.ppt	source [AD1]/September11Fund/Board/2002 Mtgs/04-10-02 Mtg/Estimate Program Costs Slide.ppt	PowerPoint 97	36864	4/5/2002 9:49:32 AM (2002-04-05 14:49:32 UTC)	4BF834E2594E0CC9C4399A7D77182F70
7303	final close out memo.doc	source [AD1]/September11Fund/Board/2004 Mtgs/12.8.04 Mtg/final close out memo.doc	Microsoft Word 2000	28672	11/30/2004 3:42:56 PM (2004-11-30 20:42:56 UTC)	B3B73EC75C45F02DDC9DEDB5B0FBF737
7304	Final Press Report 12.8.04.doc	source [AD1]/September11Fund/Board/2004 Mtgs/12.8.04 Mtg/Final Press Report 12.8.04.doc	Microsoft Word 2000	47616	11/30/2004 5:36:24 PM (2004-11-30 22:36:24 UTC)	44C28B804ED84520A25BBDE9F351A309
7289	finalmeeting4.14.04.ppt	source [AD1]/September11Fund/Board/2004 Mtgs/04.14.04 Mtg/finalmeeting4.14.04.ppt	PowerPoint 97	41984	3/29/2004 1:26:38 PM (2004-03-29 18:26:38 UTC)	BA641922F1F713A4AA76F5C32EC95A85
7347	Fnal Draft Ed paper.4.3.doc	source [AD1]/September11Fund/Board/Fnal Draft Ed paper.4.3.doc	Microsoft Word 2000	120320	4/4/2002 1:57:08 PM (2002-04-04 18:57:08 UTC)	D7E8504A18B867D04102ECEE58B0797E
6828	Follow up memo.2.5.doc	source [AD1]/NYCT - Josh and Lori/All Docs/911 Files/911/September11Fund/Board/Follow up memo.2.5.doc	Microsoft Word 97	25088	2/7/2002 7:19:24 PM (2002-02-08 00:19:24 UTC)	5711A18BAED27FAA13E2A2275E739E5F
6723	Follow up memo.doc	source [AD1]/NYCT - Josh and Lori/All Docs/911 Files/911/September11Fund/Board/1-16-02 mtg/Follow up memo.doc	Microsoft Word 97	29696	1/31/2002 8:00:32 PM (2002-02-01 01:00:32 UTC)	1C9CDCE735A9CA2753422991A290E55E
2966	Follow up memo2.1.doc	source [AD1]/Jeanine Moss/Board/Follow up memo2.1.doc	Microsoft Word 97	29184	2/1/2002 10:42:26 AM (2002-02-01 15:42:26 UTC)	5D64BBC078754149E4F975E1C62F7C2E
7337	Fund Cash Balance 11-03-05.xls	source [AD1]/September11Fund/Board/2005 Mtgs/Close Out Committee Meeting 11.03.05/Fund Cash Balance 11-03-05.xls	Excel 2000	18432	10/26/2005 2:25:46 PM (2005-10-26 18:25:46 UTC)	ED01A32CFB7769060878BB4DF2C37761
7331	Fund Cash Balance 6-23-05.xls	source [AD1]/September11Fund/Board/2005 Mtgs/Close Out Committee Meeting 06.30.05/Fund Cash Balance 6-23-05.xls	Excel 2000	18432	6/23/2005 11:53:28 AM (2005-06-23 15:53:28 UTC)	4B0A12D9CA5C6969745BB7334F841490
7324	Fund Cash Balance.xls	source [AD1]/September11Fund/Board/2005 Mtgs/Close Out Committee Meeting 04.4.05/Fund Cash Balance.xls	Excel 2000	18432	3/28/2005 10:16:24 AM (2005-03-28 15:16:24 UTC)	4481D7B97E6F6C1E89DE6C83961AFCE8
6724	Grant Allocations for Bd Mtg as of 12-31.xls	source [AD1]/NYCT - Josh and Lori/All Docs/911 Files/911/September11Fund/Board/1-16-02 mtg/Grant Allocations for Bd Mtg as of 12-31.xls	Excel 97	60416	1/8/2002 10:18:12 PM (2002-01-09 03:18:12 UTC)	CA0DB35DFFFBEE3CEBFBE1EA4CFC3953
7338	Grant Status and Pipeline Report 11-03-05.doc	source [AD1]/September11Fund/Board/2005 Mtgs/Close Out Committee Meeting 11.03.05/Grant Status and Pipeline Report 11-03-05.doc	Microsoft Word 2000	29184	10/27/2005 11:47:54 AM (2005-10-27 15:47:54 UTC)	57D81CF3E51CDBD167D319B56512F273
7332	Grant Status and Pipeline Report 6-30-05.doc	source [AD1]/September11Fund/Board/2005 Mtgs/Close Out Committee Meeting 06.30.05/Grant Status and Pipeline Report 6-30-05.doc	Microsoft Word 2000	28160	6/23/2005 1:11:16 PM (2005-06-23 17:11:16 UTC)	9B382395441C9282ECBFCC6CD7078344
7290	grants 4.1.04.xls	source [AD1]/September11Fund/Board/2004 Mtgs/04.14.04 Mtg/grants 4.1.04.xls	Excel 5.0	903168	3/30/2004 10:05:28 AM (2004-03-30 15:05:28 UTC)	68896DA6B9576B3C83CAC03A99177D4F
7325	Grants in Process.doc	source [AD1]/September11Fund/Board/2005 Mtgs/Close Out Committee Meeting 04.4.05/Grants in Process.doc	Microsoft Word 2000	26624	3/18/2005 2:27:40 PM (2005-03-18 19:27:40 UTC)	6EBD262BBFF759EE449D704F40021D00
7326	grants list after 12-1-04.xls	source [AD1]/September11Fund/Board/2005 Mtgs/Close Out Committee Meeting 04.4.05/grants list after 12-1-04.xls	Excel 5.0	31232	3/24/2005 12:53:36 PM (2005-03-24 17:53:36 UTC)	1B9F4229DEDF525A8AE13E12B5657690
6725	Grants List for Board Meeting.xls	source [AD1]/NYCT - Josh and Lori/All Docs/911 Files/911/September11Fund/Board/1-16-02 mtg/Grants List for Board Meeting.xls	Excel 97	80896	1/10/2002 7:44:40 PM (2002-01-11 00:44:40 UTC)	718D7C24BDE531DBFBADC2DBCF9AF779
6726	Guidelines for Declining Grant Requests.doc	source [AD1]/NYCT - Josh and Lori/All Docs/911 Files/911/September11Fund/Board/1-16-02 mtg/Guidelines for Declining Grant Requests.doc	Microsoft Word 97	208896	1/10/2002 7:19:22 PM (2002-01-11 00:19:22 UTC)	88E05561D5DEA62880C2E1D69E3CC5DC
7151	HateCrimesISSUEfinal0404021.doc	source [AD1]/September11Fund/Board/2002 Mtgs/04-10-02 Mtg/HateCrimesISSUEfinal0404021.doc	Microsoft Word 97	142848	4/4/2002 5:13:46 PM (2002-04-04 22:13:46 UTC)	ADB7E8EFCFAFA55A65D63702AB58E846
7242	HC numbers.xls	source [AD1]/September11Fund/Board/2003 Mtgs/05-21-03 Mtg/Program Updates/HC numbers.xls	Excel 97	17408	5/13/2003 1:29:20 PM (2003-05-13 17:29:20 UTC)	5BF4BAACCFA58A18F49A50FB9707285E
6786	Health Care Fact Sheet.doc	source [AD1]/NYCT - Josh and Lori/All Docs/911 Files/911/September11Fund/Board/7-10-02 Mtg/Fact Sheets/Health Care Fact Sheet.doc	Microsoft Word 2000	24576	7/1/2002 2:19:48 AM (2002-07-01 06:19:48 UTC)	BE208A2E9084A725312F41FB11EDB9FD
7152	Health Care Issues final.doc	source [AD1]/September11Fund/Board/2002 Mtgs/04-10-02 Mtg/Health Care Issues final.doc	Microsoft Word 97	257536	4/5/2002 12:15:20 PM (2002-04-05 17:15:20 UTC)	EC02B921553390679AA4D49DAB131124
6767	Health Care Issues.doc	source [AD1]/NYCT - Josh and Lori/All Docs/911 Files/911/September11Fund/Board/4-10-02 mtg/Health Care Issues.doc	Microsoft Word 2000	260096	4/4/2002 6:37:14 PM (2002-04-04 23:37:14 UTC)	2ABC94364B074ACB99A1B73D811331F2
6584	healthcare.text.doc	source [AD1]/NYCT - Josh and Lori/All Docs/911 Files/911/Lori A Harris/911 BOD/11.6.02mtg/healthcare.text.doc	Microsoft Word 97	19968	10/28/2002 12:09:50 PM (2002-10-28 17:09:50 UTC)	9622D02EF339A9E4BAD835CA819208FC
6585	heatlh.chart.doc	source [AD1]/NYCT - Josh and Lori/All Docs/911 Files/911/Lori A Harris/911 BOD/11.6.02mtg/heatlh.chart.doc	Microsoft Word 97	26624	10/28/2002 12:09:22 PM (2002-10-28 17:09:22 UTC)	54C819C1A7525226AD75B3FBAA8E848B
7348	help in Other Schools.doc	source [AD1]/September11Fund/Board/help in Other Schools.doc	Microsoft Word 97	24576	4/5/2002 5:00:38 AM (2002-04-05 10:00:38 UTC)	F13F6E2A7E8B9C6974B9FB6FD619D15D
7349	Helping Children Through Schools.doc	source [AD1]/September11Fund/Board/Helping Children Through Schools.doc	Microsoft Word 97	214016	4/5/2002 5:27:12 AM (2002-04-05 10:27:12 UTC)	15316AA34C8D0E3F1F096E119B525FBF
7153	HelpingChildrenThroughSchools.4.5.doc	source [AD1]/September11Fund/Board/2002 Mtgs/04-10-02 Mtg/HelpingChildrenThroughSchools.4.5.doc	Microsoft Word 97	216576	4/5/2002 2:52:40 PM (2002-04-05 19:52:40 UTC)	6CD1DCD51D71C9F8F5A39F6BB5E73B8D
4680	invite list.doc	source [AD1]/Jeffrie Z Allan/Board Reception/invite list.doc	Microsoft Word 2000	22528	10/25/2004 11:49:08 AM (2004-10-25 15:49:08 UTC)	FDB5B45955888215E4D396BF9314920F
4681	invite list.xls	source [AD1]/Jeffrie Z Allan/Board Reception/invite list.xls	Excel 2000	30720	11/5/2004 4:16:28 PM (2004-11-05 21:16:28 UTC)	18C2BA81FD38643C70C760D65E877EEE
4682	invite list2.doc	source [AD1]/Jeffrie Z Allan/Board Reception/invite list2.doc	Microsoft Word 2000	37376	10/25/2004 5:22:40 PM (2004-10-25 21:22:40 UTC)	FEA9DDA51CA114FFF75E1AE23EFC2E4D
7230	Issue Paper5.21.03.doc	source [AD1]/September11Fund/Board/2003 Mtgs/05-21-03 Mtg/Issue Paper/Issue Paper5.21.03.doc	Microsoft Word 97	35840	5/13/2003 3:53:10 PM (2003-05-13 19:53:10 UTC)	F533F813B5805BFA67A25A071FD4F231
6825	Jack Lusk Bio.doc	source [AD1]/NYCT - Josh and Lori/All Docs/911 Files/911/September11Fund/Board/Ex Comm Mtg 6-25-02/Jack Lusk Bio.doc	Microsoft Word 2000	19968	6/25/2002 11:41:44 AM (2002-06-25 15:41:44 UTC)	8AB5939D8B4A3C98BE77527468351FEF
7144	JanEndGrants02.12v.3.doc	source [AD1]/September11Fund/Board/2002 Mtgs/04-10-02 Mtg/Communications Papers/JanEndGrants02.12v.3.doc	Microsoft Word 97	34816	4/4/2002 3:44:10 PM (2002-04-04 20:44:10 UTC)	D46BEA60FEB2162E7EC3816FF2951AD7
9395	January 03 board meeting.doc	source [AD1]/Tim Wu/My Documents/January 03 board meeting.doc	Microsoft Word 97	26112	1/15/2003 3:22:04 PM (2003-01-15 20:22:04 UTC)	BE984AE1086C4C113F363F5BEABFE3C2
2976	JeannetteOgilvyjm.doc	source [AD1]/Jeanine Moss/Board/ThankYous/JeannetteOgilvyjm.doc	Microsoft Word 97	20992	3/19/2002 8:06:10 PM (2002-03-20 01:06:10 UTC)	E8FF4990C12DD4A02B10D67C8DF2F6A1
6727	JG Summary on Needs.doc	source [AD1]/NYCT - Josh and Lori/All Docs/911 Files/911/September11Fund/Board/1-16-02 mtg/JG Summary on Needs.doc	Microsoft Word 97	19968	1/16/2002 2:27:42 PM (2002-01-16 19:27:42 UTC)	78D4726781E54A7FDD5D8071A0947417
2967	JM Board talk 12.6.doc	source [AD1]/Jeanine Moss/Board/JM Board talk 12.6.doc	Microsoft Word 97	29696	12/6/2001 2:43:16 PM (2001-12-06 19:43:16 UTC)	1719505F77491D08C5B0FB89D18394AD
2977	JM thank you's.doc	source [AD1]/Jeanine Moss/Board/ThankYous/JM thank you's.doc	Microsoft Word 97	21504	2/1/2002 6:12:54 PM (2002-02-01 23:12:54 UTC)	BB0EAA4A418D71DA9C76ACD7633E90D1
2968	JMpres11.1.doc	source [AD1]/Jeanine Moss/Board/JMpres11.1.doc	Microsoft Word 97	30720	11/1/2001 3:23:20 PM (2001-11-01 20:23:20 UTC)	89D235D8A00CAD3CC7E07629A8DC622D
6787	Job Training Fact Sheet.doc	source [AD1]/NYCT - Josh and Lori/All Docs/911 Files/911/September11Fund/Board/7-10-02 Mtg/Fact Sheets/Job Training Fact Sheet.doc	Microsoft Word 2000	24576	7/1/2002 1:29:40 AM (2002-07-01 05:29:40 UTC)	365201B71AB88D0A734241FDBBCA22A5
7350	job training.doc	source [AD1]/September11Fund/Board/job training.doc	Microsoft Word 97	22528	4/4/2002 10:15:08 PM (2002-04-05 03:15:08 UTC)	D1133525989AE07E37D51B6D2614C6F7
6788	Kids  Schools Fact Sheet.doc	source [AD1]/NYCT - Josh and Lori/All Docs/911 Files/911/September11Fund/Board/7-10-02 Mtg/Fact Sheets/Kids  Schools Fact Sheet.doc	Microsoft Word 2000	23552	7/1/2002 1:30:08 AM (2002-07-01 05:30:08 UTC)	D3A4092A7758462DC868249AF5A8D0CA
2978	Lazarusthanksjg.doc	source [AD1]/Jeanine Moss/Board/ThankYous/Lazarusthanksjg.doc	Microsoft Word 97	22016	3/19/2002 5:06:00 PM (2002-03-19 22:06:00 UTC)	81CDADAD963CD28AD1856FD402D35BF0
6829	legal aid blurp.doc	source [AD1]/NYCT - Josh and Lori/All Docs/911 Files/911/September11Fund/Board/legal aid blurp.doc	Microsoft Word 97	19456	11/13/2001 11:12:08 AM (2001-11-13 16:12:08 UTC)	0CB2242E7BFC11B2BA932F10545A874E
6789	legal grants letter.doc	source [AD1]/NYCT - Josh and Lori/All Docs/911 Files/911/September11Fund/Board/7-10-02 Mtg/Fact Sheets/legal grants letter.doc	Microsoft Word 2000	23552	7/1/2002 1:36:18 AM (2002-07-01 05:36:18 UTC)	C1BED551C9186E9D83B49704BF156D9C
6586	lettertoboard.doc	source [AD1]/NYCT - Josh and Lori/All Docs/911 Files/911/Lori A Harris/911 BOD/11.6.02mtg/lettertoboard.doc	Microsoft Word 97	17408	10/31/2002 5:50:58 PM (2002-10-31 22:50:58 UTC)	FAAC8D0F728C92F93D65502815C13C51
7319	LettertoboardChinatown.doc	source [AD1]/September11Fund/Board/2005 Mtgs/Chinatown Update Mailing/LettertoboardChinatown.doc	Microsoft Word 2000	27648	3/18/2005 2:53:56 PM (2005-03-18 19:53:56 UTC)	7AD92A29DE24E244BEDBC3DE1AFD76D4
7320	LettertoboardChinatownmerged.doc	source [AD1]/September11Fund/Board/2005 Mtgs/Chinatown Update Mailing/LettertoboardChinatownmerged.doc	Microsoft Word 2000	160768	3/18/2005 3:48:54 PM (2005-03-18 20:48:54 UTC)	53AD3DBD1F9FBFF2425B7591FF4F529D
9416	LYRICS josh.doc	source [AD1]/Tim Wu/My Documents/LYRICS josh.doc	Microsoft Word 97	27136	9/30/2002 4:15:20 PM (2002-09-30 20:15:20 UTC)	081228D7C3886D832F0DC7DDAEC00FBC
7233	March19min.doc	source [AD1]/September11Fund/Board/2003 Mtgs/05-21-03 Mtg/March19min.doc	Microsoft Word 97	34304	5/12/2003 4:26:52 PM (2003-05-12 20:26:52 UTC)	CA194AC0DC02916D7DF203A85B3AD99E
2969	Marty Franks.doc	source [AD1]/Jeanine Moss/Board/Marty Franks.doc	Microsoft Word 97	20480	11/29/2001 6:29:32 PM (2001-11-29 23:29:32 UTC)	8CC537EA1DA930E7E4F28B40B39008C3
7077	McKinsey deck for UW board presentation.ppt	source [AD1]/September11Fund/Board/2001 Mtgs/11-01-01 Mtg/McKinsey deck for UW board presentation.ppt	PowerPoint 97	361984	5/11/2004 12:05:08 PM (2004-05-11 16:05:08 UTC)	064E6564344535989CC04FBC8C6EADE3
6633	member.meetings.poll.doc	source [AD1]/NYCT - Josh and Lori/All Docs/911 Files/911/Lori A Harris/911 BOD/member.meetings.poll.doc	Microsoft Word 97	23552	1/23/2002 5:50:46 PM (2002-01-23 22:50:46 UTC)	32DCE04D8B5C48D9699C26DE7ADD5AB7
7235	memo.doc	source [AD1]/September11Fund/Board/2003 Mtgs/05-21-03 Mtg/memo.doc	Microsoft Word 97	19968	5/28/2003 10:49:10 AM (2003-05-28 14:49:10 UTC)	226E3E8A718A49AE2B3741F342E64D3F
7258	memo.doc	source [AD1]/September11Fund/Board/2003 Mtgs/10-01-03 Mtg/memo.doc	Microsoft Word 2000	22016	9/15/2003 1:02:00 PM (2003-09-15 17:02:00 UTC)	94108018CAA5129ADA710719818291F0
7270	memo.doc	source [AD1]/September11Fund/Board/2003 Mtgs/12.10.03/memo.doc	Microsoft Word 97	20480	11/19/2003 4:53:54 PM (2003-11-19 21:53:54 UTC)	FAA465526615354B9F838423F4DEACEC
7271	memohead to executive committee.doc	source [AD1]/September11Fund/Board/2003 Mtgs/12.10.03/memohead to executive committee.doc	Microsoft Word 97	19456	11/19/2003 5:57:48 PM (2003-11-19 22:57:48 UTC)	8EEB297014D17602E4A9C3E38D4B4695
7243	Mental Health Enrollment.xls	source [AD1]/September11Fund/Board/2003 Mtgs/05-21-03 Mtg/Program Updates/Mental Health Enrollment.xls	Excel 97	18944	5/12/2003 4:26:26 PM (2003-05-12 20:26:26 UTC)	42947E3075765CB5C20D44ED77F773C6
6790	Mental Health Fact Sheet.doc	source [AD1]/NYCT - Josh and Lori/All Docs/911 Files/911/September11Fund/Board/7-10-02 Mtg/Fact Sheets/Mental Health Fact Sheet.doc	Microsoft Word 2000	22528	7/1/2002 1:29:58 AM (2002-07-01 05:29:58 UTC)	89D20BD1069364121FB434FBA04D2D6D
6587	mental health training.txt	source [AD1]/NYCT - Josh and Lori/All Docs/911 Files/911/Lori A Harris/911 BOD/11.6.02mtg/mental health training.txt	Text	631	10/28/2002 1:12:36 PM (2002-10-28 18:12:36 UTC)	43C41BFBFEC5CA801C720B0AED1872C1
6588	MH para for 9-11 Board 10-021.doc	source [AD1]/NYCT - Josh and Lori/All Docs/911 Files/911/Lori A Harris/911 BOD/11.6.02mtg/MH para for 9-11 Board 10-021.doc	Microsoft Word 97	20480	10/28/2002 12:08:36 PM (2002-10-28 17:08:36 UTC)	C2BE86D854FEB3F18260C5EC17F78120
7188	MH Summary Data Ending 12_31_02.xls	source [AD1]/September11Fund/Board/2003 Mtgs/01-15-03 Mtg/MH Summary Data Ending 12_31_02.xls	Excel 97	17408	1/8/2003 11:11:24 AM (2003-01-08 16:11:24 UTC)	EC8FB44D6C48B56CC40AABDE5F51174B
7272	MHtrainingsummary.11.03.doc	source [AD1]/September11Fund/Board/2003 Mtgs/12.10.03/MHtrainingsummary.11.03.doc	Microsoft Word 97	51712	12/2/2003 11:01:20 AM (2003-12-02 16:01:20 UTC)	3388ECB1689FBD08490EB09675FAC934
6809	Minutes 7 10  Mtg.doc	source [AD1]/NYCT - Josh and Lori/All Docs/911 Files/911/September11Fund/Board/9-4-02 Mtg/Minutes 7 10  Mtg.doc	Microsoft Word 97	197120	8/29/2002 5:33:54 PM (2002-08-29 21:33:54 UTC)	D12DE34C56AFC6F841E52BD76A119DFA
6745	Minutes of the Board Meeting-11.6.02.doc	source [AD1]/NYCT - Josh and Lori/All Docs/911 Files/911/September11Fund/Board/11.6.02mtg/Minutes of the Board Meeting-11.6.02.doc	Microsoft Word 97	23552	1/7/2003 4:27:14 PM (2003-01-07 21:27:14 UTC)	D3E54E8E967937ADEC244E27BD46C815
6634	minutes.11.01.01.doc	source [AD1]/NYCT - Josh and Lori/All Docs/911 Files/911/Lori A Harris/911 BOD/minutes.11.01.01.doc	Microsoft Word 97	20480	11/6/2001 11:25:54 AM (2001-11-06 16:25:54 UTC)	F99B1B90932FA6C02975E62E6A8A6918
6575	minutes.11.01.draft.doc	source [AD1]/NYCT - Josh and Lori/All Docs/911 Files/911/Lori A Harris/911 BOD/11.01.01 mtg/minutes.11.01.draft.doc	Microsoft Word 97	23552	11/6/2001 6:47:58 PM (2001-11-06 23:47:58 UTC)	D32154019CDE5DA80A7C0EEB28965C61
6604	minutes.2.13.doc	source [AD1]/NYCT - Josh and Lori/All Docs/911 Files/911/Lori A Harris/911 BOD/2.13.02mtg/minutes.2.13.doc	Microsoft Word 97	23552	4/1/2002 4:57:44 PM (2002-04-01 21:57:44 UTC)	394E6C9740FCAD3057C55440762D8900
6757	minutes.2.13.doc	source [AD1]/NYCT - Josh and Lori/All Docs/911 Files/911/September11Fund/Board/2-13-02 Mtg/minutes.2.13.doc	Microsoft Word 97	198656	4/4/2002 2:10:50 PM (2002-04-04 19:10:50 UTC)	6D10AD1709AD01522425F9EC967BF80D
6635	minutes.4.10.doc	source [AD1]/NYCT - Josh and Lori/All Docs/911 Files/911/Lori A Harris/911 BOD/minutes.4.10.doc	Microsoft Word 97	25600	7/2/2002 6:23:08 PM (2002-07-02 22:23:08 UTC)	7AD68B33CA6003082FAEEA0E8B845B03
6769	minutes.4.10.doc	source [AD1]/NYCT - Josh and Lori/All Docs/911 Files/911/September11Fund/Board/4-10-02 mtg/minutes.4.10.doc	Microsoft Word 97	25088	7/2/2002 6:23:48 PM (2002-07-02 22:23:48 UTC)	BD4A9D8540FFF1033A7663289080E41F
6793	Minutes.4.10.doc	source [AD1]/NYCT - Josh and Lori/All Docs/911 Files/911/September11Fund/Board/7-10-02 Mtg/Minutes.4.10.doc	Microsoft Word 97	25088	7/3/2002 4:29:42 PM (2002-07-03 20:29:42 UTC)	B3B7A97FF5091350F9508C4813D4E3AC
7161	Minutes.4.10.doc	source [AD1]/September11Fund/Board/2002 Mtgs/07-10-02 Mtg/Minutes.4.10.doc	Microsoft Word 97	30208	7/3/2002 5:36:02 PM (2002-07-03 21:36:02 UTC)	6B778BB2A123B7F761AD1187287C235C
6636	minutes.7.10.doc	source [AD1]/NYCT - Josh and Lori/All Docs/911 Files/911/Lori A Harris/911 BOD/minutes.7.10.doc	Microsoft Word 97	25088	8/14/2002 6:09:28 PM (2002-08-14 22:09:28 UTC)	3EE5770DBE5FF028A26C24DE75503080
6794	minutes.7.10.doc	source [AD1]/NYCT - Josh and Lori/All Docs/911 Files/911/September11Fund/Board/7-10-02 Mtg/minutes.7.10.doc	Microsoft Word 97	23552	8/14/2002 6:11:16 PM (2002-08-14 22:11:16 UTC)	880D8601CE190BF153B256951B1263BB
6810	minutes.9.4.02.doc	source [AD1]/NYCT - Josh and Lori/All Docs/911 Files/911/September11Fund/Board/9-4-02 Mtg/minutes.9.4.02.doc	Microsoft Word 97	200704	10/31/2002 4:45:10 PM (2002-10-31 21:45:10 UTC)	BF12C41C18237BC62E3CD3E0AFB6F5DD
6576	minutes.brief.doc	source [AD1]/NYCT - Josh and Lori/All Docs/911 Files/911/Lori A Harris/911 BOD/11.01.01 mtg/minutes.brief.doc	Microsoft Word 97	27136	12/6/2001 9:42:52 AM (2001-12-06 14:42:52 UTC)	BFD6C9919BB8953E7159BD4F5C664DED
6565	mtg.announcement.1.16.02.doc	source [AD1]/NYCT - Josh and Lori/All Docs/911 Files/911/Lori A Harris/911 BOD/1.16.02 mtg/mtg.announcement.1.16.02.doc	Microsoft Word 97	24064	12/21/2001 3:36:56 PM (2001-12-21 20:36:56 UTC)	EF8D3513194302728275145AF20CE678
6600	mtg.announcement.12.6.doc	source [AD1]/NYCT - Josh and Lori/All Docs/911 Files/911/Lori A Harris/911 BOD/12.06.01 mtg/mtg.announcement.12.6.doc	Microsoft Word 97	24576	11/19/2001 6:32:30 PM (2001-11-19 23:32:30 UTC)	BC9612CD17EFBEB6FE2CBD98D37422DF
6605	mtg.announcement.2.13.02.doc	source [AD1]/NYCT - Josh and Lori/All Docs/911 Files/911/Lori A Harris/911 BOD/2.13.02mtg/mtg.announcement.2.13.02.doc	Microsoft Word 97	24576	1/23/2002 5:59:56 PM (2002-01-23 22:59:56 UTC)	95443040F83355516A02651DB648668C
6637	mtg.announcement.4.10.02.doc	source [AD1]/NYCT - Josh and Lori/All Docs/911 Files/911/Lori A Harris/911 BOD/mtg.announcement.4.10.02.doc	Microsoft Word 97	24576	2/28/2002 3:50:30 PM (2002-02-28 20:50:30 UTC)	9C88655331F0509BA463469F725E9FD0
6577	mtg.announcement.doc	source [AD1]/NYCT - Josh and Lori/All Docs/911 Files/911/Lori A Harris/911 BOD/11.01.01 mtg/mtg.announcement.doc	Microsoft Word 97	19456	10/26/2001 5:08:30 PM (2001-10-26 21:08:30 UTC)	8273942BECAB148F073F60B95C9CA7E0
6638	namecard.list.doc	source [AD1]/NYCT - Josh and Lori/All Docs/911 Files/911/Lori A Harris/911 BOD/namecard.list.doc	Microsoft Word 97	20992	11/1/2001 12:06:20 PM (2001-11-01 17:06:20 UTC)	F9B201FC8D796A43C9BD604E0AD1742A
9425	ncvc board blurb.doc	source [AD1]/Tim Wu/My Documents/ncvc board blurb.doc	Microsoft Word 97	26624	1/10/2003 1:49:04 PM (2003-01-10 18:49:04 UTC)	D655237DB4FB998F5D89658E92C6DBE8
7339	New Grants 11-03.doc	source [AD1]/September11Fund/Board/2005 Mtgs/Close Out Committee Meeting 11.03.05/New Grants 11-03.doc	Microsoft Word 2000	24576	11/3/2005 2:02:26 PM (2005-11-03 19:02:26 UTC)	D84C1AF4B484DBA1D76B41566F7FAECD
7327	New Grants 4-04-05.doc	source [AD1]/September11Fund/Board/2005 Mtgs/Close Out Committee Meeting 04.4.05/New Grants 4-04-05.doc	Microsoft Word 2000	24576	3/28/2005 9:58:10 AM (2005-03-28 14:58:10 UTC)	BA1B73CCEBFB2E3943F55CEEEA0153E6
7333	New Grants 6-30.doc	source [AD1]/September11Fund/Board/2005 Mtgs/Close Out Committee Meeting 06.30.05/New Grants 6-30.doc	Microsoft Word 2000	22528	6/23/2005 11:44:52 AM (2005-06-23 15:44:52 UTC)	ED8C971D2B475E005FC913DBBC0F30B1
7162	Next Meeting 7-10.ppt	source [AD1]/September11Fund/Board/2002 Mtgs/07-10-02 Mtg/Next Meeting 7-10.ppt	PowerPoint 97	40960	7/3/2002 5:25:26 PM (2002-07-03 21:25:26 UTC)	1B529F90268835F4452DC59D0AAAC6A9
7203	nextmeetings.03.19.ppt	source [AD1]/September11Fund/Board/2003 Mtgs/03-19-03 Mtg/nextmeetings.03.19.ppt	PowerPoint 97	50176	3/10/2003 2:18:00 PM (2003-03-10 19:18:00 UTC)	0FBE481F46BE95846C9CF2396EA02350
6830	nextmeetings.1.15.03.ppt	source [AD1]/NYCT - Josh and Lori/All Docs/911 Files/911/September11Fund/Board/nextmeetings.1.15.03.ppt	PowerPoint 97	41472	1/7/2003 4:25:36 PM (2003-01-07 21:25:36 UTC)	470F7249FFBE5C6E08531FB2DAB2F270
6566	nextmeetings.1.16.ppt	source [AD1]/NYCT - Josh and Lori/All Docs/911 Files/911/Lori A Harris/911 BOD/1.16.02 mtg/nextmeetings.1.16.ppt	PowerPoint 97	16384	1/10/2002 4:39:42 PM (2002-01-10 21:39:42 UTC)	A90721399CDEE0848531B0D925161248
7121	nextmeetings.1.16.ppt	source [AD1]/September11Fund/Board/2002 Mtgs/01-16-02 Mtg/nextmeetings.1.16.ppt	PowerPoint 97	13824	1/10/2002 4:39:42 PM (2002-01-10 21:39:42 UTC)	6BAB3A7DD5EBC7966D1027F8A2B37D98
6589	nextmeetings.11.6.ppt	source [AD1]/NYCT - Josh and Lori/All Docs/911 Files/911/Lori A Harris/911 BOD/11.6.02mtg/nextmeetings.11.6.ppt	PowerPoint 97	41472	11/26/2002 3:11:20 PM (2002-11-26 20:11:20 UTC)	321A1582B1A930F97D64B28960E69541
6746	nextmeetings.11.6.ppt	source [AD1]/NYCT - Josh and Lori/All Docs/911 Files/911/September11Fund/Board/11.6.02mtg/nextmeetings.11.6.ppt	PowerPoint 97	44032	11/26/2002 3:11:20 PM (2002-11-26 20:11:20 UTC)	3875810A8D662D023302918D5CC02A10
7179	nextmeetings.11.6.ppt	source [AD1]/September11Fund/Board/2002 Mtgs/11-06-02 Mtg/nextmeetings.11.6.ppt	PowerPoint 97	49664	3/5/2003 11:24:16 AM (2003-03-05 16:24:16 UTC)	EB7E20829A36C69000159F4228DA18C6
6601	nextmeetings.12.6..ppt	source [AD1]/NYCT - Josh and Lori/All Docs/911 Files/911/Lori A Harris/911 BOD/12.06.01 mtg/nextmeetings.12.6..ppt	PowerPoint 97	13312	12/4/2001 7:31:02 PM (2001-12-05 00:31:02 UTC)	DF017EC491E7F2BE54C258A78E7ADEF9
6606	nextmeetings.2.13.ppt	source [AD1]/NYCT - Josh and Lori/All Docs/911 Files/911/Lori A Harris/911 BOD/2.13.02mtg/nextmeetings.2.13.ppt	PowerPoint 97	15872	2/8/2002 1:05:10 PM (2002-02-08 18:05:10 UTC)	7CA988E2C700B110DE71291E4619F258
6610	nextmeetings.4.10.ppt	source [AD1]/NYCT - Josh and Lori/All Docs/911 Files/911/Lori A Harris/911 BOD/4.10.02mtg/nextmeetings.4.10.ppt	PowerPoint 97	13312	4/5/2002 1:34:36 PM (2002-04-05 18:34:36 UTC)	A4A2600E7FB9F583959BA458264F503A
6611	nextmeetings.7.10.ppt	source [AD1]/NYCT - Josh and Lori/All Docs/911 Files/911/Lori A Harris/911 BOD/4.10.02mtg/nextmeetings.7.10.ppt	PowerPoint 97	16896	7/3/2002 12:29:00 PM (2002-07-03 16:29:00 UTC)	31342906EF1F31E2AC55BB499A109373
6795	nextmeetings.7.10.ppt	source [AD1]/NYCT - Josh and Lori/All Docs/911 Files/911/September11Fund/Board/7-10-02 Mtg/nextmeetings.7.10.ppt	PowerPoint 97	13312	7/3/2002 4:22:00 PM (2002-07-03 20:22:00 UTC)	D4E4F15BBB4AEA2A7E6D3548A6FFD129
6811	nextmeetings.9.04.ppt	source [AD1]/NYCT - Josh and Lori/All Docs/911 Files/911/September11Fund/Board/9-4-02 Mtg/nextmeetings.9.04.ppt	PowerPoint 97	12288	8/29/2002 4:57:42 PM (2002-08-29 20:57:42 UTC)	77F861E1FF2F72108654F8BD821DCC03
7169	nextmeetings.9.04.ppt	source [AD1]/September11Fund/Board/2002 Mtgs/09-04-02 Mtg/nextmeetings.9.04.ppt	PowerPoint 97	44032	8/29/2002 7:01:12 PM (2002-08-29 23:01:12 UTC)	3763CF7A81806DA745FB072E0027FE6D
7273	nextmeetings12.10.03.ppt	source [AD1]/September11Fund/Board/2003 Mtgs/12.10.03/nextmeetings12.10.03.ppt	PowerPoint 97	41472	11/19/2003 1:00:08 PM (2003-11-19 18:00:08 UTC)	400E931C6C2DAC550125467F0077C0BB
7236	nextmeetings5.21.03.ppt	source [AD1]/September11Fund/Board/2003 Mtgs/05-21-03 Mtg/nextmeetings5.21.03.ppt	PowerPoint 97	45568	5/20/2003 2:28:38 PM (2003-05-20 18:28:38 UTC)	3D75081FBD43B781977998DBDA378FA4
7259	nextmeetings5.21.03.ppt	source [AD1]/September11Fund/Board/2003 Mtgs/10-01-03 Mtg/nextmeetings5.21.03.ppt	PowerPoint 97	41472	9/23/2003 6:36:16 PM (2003-09-23 22:36:16 UTC)	EF5ED11F13A76BA35E574F78B221068A
7154	nextmeetingsdates.4.10.ppt	source [AD1]/September11Fund/Board/2002 Mtgs/04-10-02 Mtg/nextmeetingsdates.4.10.ppt	PowerPoint 97	44032	4/5/2002 1:48:48 PM (2002-04-05 18:48:48 UTC)	E79B679E296B15911EAF8C57E45AF5F4
9432	Notes for board meeting 5-21.doc	source [AD1]/Tim Wu/My Documents/Notes for board meeting 5-21.doc	Microsoft Word 97	25600	5/21/2003 4:10:16 PM (2003-05-21 20:10:16 UTC)	030039919B8106B6D167029A726621B9
9433	November board blurbs for Carol.doc	source [AD1]/Tim Wu/My Documents/November board blurbs for Carol.doc	Microsoft Word 97	20992	10/25/2002 4:11:20 PM (2002-10-25 20:11:20 UTC)	8ADE96FCC28F66B409F733B0E3A7EA4C
7260	oct1bdprojections.doc	source [AD1]/September11Fund/Board/2003 Mtgs/10-01-03 Mtg/oct1bdprojections.doc	Microsoft Word 2000	45056	9/16/2003 1:53:00 PM (2003-09-16 17:53:00 UTC)	F470DFF257725CAB339066BA7CBC899C
9437	ONE PARAGRAPH PROGRAM SUMMARIES FOR 9.doc	source [AD1]/Tim Wu/My Documents/ONE PARAGRAPH PROGRAM SUMMARIES FOR 9.doc	Microsoft Word 97	23552	8/26/2002 10:44:54 PM (2002-08-27 02:44:54 UTC)	AEDE7767DF8646E6BEDE80D7970D84B0
6826	Ongoing Program Ex Com Mtg slides for 6_25.ppt	source [AD1]/NYCT - Josh and Lori/All Docs/911 Files/911/September11Fund/Board/Ex Comm Mtg 6-25-02/Ongoing Program Ex Com Mtg slides for 6_25.ppt	PowerPoint 97	97792	6/25/2002 11:26:02 AM (2002-06-25 15:26:02 UTC)	D7044D70AEFC204DC1066AB719702C52
6812	ORP Bd Update 9 4 Mtg.doc	source [AD1]/NYCT - Josh and Lori/All Docs/911 Files/911/September11Fund/Board/9-4-02 Mtg/ORP Bd Update 9 4 Mtg.doc	Microsoft Word 97	27648	10/28/2002 11:00:00 AM (2002-10-28 16:00:00 UTC)	917827FAEEEAC5C89337C6CD5630FEC3
7237	ORP.stats.overview.5.12.031.xls	source [AD1]/September11Fund/Board/2003 Mtgs/05-21-03 Mtg/ORP.stats.overview.5.12.031.xls	Excel 2000	33792	5/13/2003 5:37:32 PM (2003-05-13 21:37:32 UTC)	7E940856CAADF8BC170F5A1B46E28CD6
7204	ORP.stats.summary3.3.03.xls	source [AD1]/September11Fund/Board/2003 Mtgs/03-19-03 Mtg/ORP.stats.summary3.3.03.xls	Excel 97	17408	3/11/2003 12:07:10 PM (2003-03-11 17:07:10 UTC)	FBFAED88E94AB30200346F5A590FCDA1
6791	ORPreleasev.1.doc	source [AD1]/NYCT - Josh and Lori/All Docs/911 Files/911/September11Fund/Board/7-10-02 Mtg/Fact Sheets/ORPreleasev.1.doc	Microsoft Word 2000	217600	7/1/2002 12:32:08 PM (2002-07-01 16:32:08 UTC)	00B2A3729EA857E7FC88DB5502E617E9
7274	OutreachReport12.10.03.doc	source [AD1]/September11Fund/Board/2003 Mtgs/12.10.03/OutreachReport12.10.03.doc	Microsoft Word 97	40960	12/2/2003 10:57:44 AM (2003-12-02 15:57:44 UTC)	130F89FA80FEA374F82836E9454D80F0
9443	Peter woodin cover letter.doc	source [AD1]/Tim Wu/My Documents/Peter woodin cover letter.doc	Microsoft Word 97	20992	1/14/2003 11:21:24 AM (2003-01-14 16:21:24 UTC)	62DFE9A36F24CE0DE5397441D7C2E7F3
7275	phase-out memo	source [AD1]/September11Fund/Board/2003 Mtgs/12.10.03/phase-out memo	Microsoft Word 2000	49152	11/19/2003 1:34:00 PM (2003-11-19 18:34:00 UTC)	465FCC36103A6D5343D00D495FF7721C
7276	phase-out memo attachments.doc	source [AD1]/September11Fund/Board/2003 Mtgs/12.10.03/phase-out memo attachments.doc	Microsoft Word 97	20992	11/19/2003 6:41:44 PM (2003-11-19 23:41:44 UTC)	0FDFC1AB815E0C67C79A4108F6B25F4E
7277	phase-out memo.doc	source [AD1]/September11Fund/Board/2003 Mtgs/12.10.03/phase-out memo.doc	Microsoft Word 97	45056	11/19/2003 5:50:26 PM (2003-11-19 22:50:26 UTC)	8D229DE0FF824719AE2A362167F33C67
7231	Phase I.doc	source [AD1]/September11Fund/Board/2003 Mtgs/05-21-03 Mtg/Issue Paper/Phase I.doc	Microsoft Word 2000	24576	5/13/2003 4:48:50 PM (2003-05-13 20:48:50 UTC)	A3308066A58F5B7B01D8D97F3762C156
7232	Phase II.doc	source [AD1]/September11Fund/Board/2003 Mtgs/05-21-03 Mtg/Issue Paper/Phase II.doc	Microsoft Word 2000	24064	5/13/2003 4:49:14 PM (2003-05-13 20:49:14 UTC)	58C1C5078F899A189D33B40831546AC3
4683	plaque2.doc	source [AD1]/Jeffrie Z Allan/Board Reception/plaque2.doc	Microsoft Word 2000	4230144	11/22/2004 11:24:50 AM (2004-11-22 16:24:50 UTC)	B9F24F5E9912D392A06F780BA2EDE2B1
2970	Press compiled 12-13.doc	source [AD1]/Jeanine Moss/Board/Press compiled 12-13.doc	Microsoft Word 2000	195584	12/14/2001 6:10:46 PM (2001-12-14 23:10:46 UTC)	7535DC36983CB111773B2C365D5E1395
7170	PressClippingsAug29.doc	source [AD1]/September11Fund/Board/2002 Mtgs/09-04-02 Mtg/PressClippingsAug29.doc	Microsoft Word 2000	84480	8/30/2002 10:44:50 AM (2002-08-30 14:44:50 UTC)	290B48BBA3ABA3C640207F3BDB66ABEF
7291	PressClips4.14.04.doc	source [AD1]/September11Fund/Board/2004 Mtgs/04.14.04 Mtg/PressClips4.14.04.doc	Microsoft Word 2000	258048	3/22/2004 1:46:26 PM (2004-03-22 18:46:26 UTC)	5440C3CADDA1A7DC4E2045B59BCD6A2D
2971	PressClipsfor04.10mtg.doc	source [AD1]/Jeanine Moss/Board/PressClipsfor04.10mtg.doc	Microsoft Word 2000	151040	4/4/2002 9:53:44 AM (2002-04-04 14:53:44 UTC)	E5AB4F4FE772AE83BE58A1E76963B82F
7145	PressClipsfor04.10mtg.doc	source [AD1]/September11Fund/Board/2002 Mtgs/04-10-02 Mtg/Communications Papers/PressClipsfor04.10mtg.doc	Microsoft Word 97	139776	4/4/2002 3:45:22 PM (2002-04-04 20:45:22 UTC)	52E04C2F5291216073FEB57CB09D203D
7146	PressClipsfor07.10mtg.doc	source [AD1]/September11Fund/Board/2002 Mtgs/04-10-02 Mtg/Communications Papers/PressClipsfor07.10mtg.doc	Microsoft Word 2000	59392	7/2/2002 6:40:54 PM (2002-07-02 22:40:54 UTC)	4CB9B468758E47D18680E5351EE89957
2972	PressClipsfor1.15.doc	source [AD1]/Jeanine Moss/Board/PressClipsfor1.15.doc	Microsoft Word 2000	261632	1/7/2003 4:45:20 PM (2003-01-07 21:45:20 UTC)	51544E748C571458F08D40EA2836DB19
2973	PressClipsfor11.15.doc	source [AD1]/Jeanine Moss/Board/PressClipsfor11.15.doc	Microsoft Word 2000	134656	1/10/2003 2:50:04 PM (2003-01-10 19:50:04 UTC)	400FB25516DF76EA6541AE855F0FAA7D
7189	PressClipsfor11.15.doc	source [AD1]/September11Fund/Board/2003 Mtgs/01-15-03 Mtg/PressClipsfor11.15.doc	Microsoft Word 97	127488	1/8/2003 12:28:10 PM (2003-01-08 17:28:10 UTC)	A309CD5C576CF586887E445F8310A057
7261	Prog Implementation Update10.01.03final.doc	source [AD1]/September11Fund/Board/2003 Mtgs/10-01-03 Mtg/Prog Implementation Update10.01.03final.doc	Microsoft Word 97	48640	9/22/2003 6:34:02 PM (2003-09-22 22:34:02 UTC)	79289DC4DB876B73617FCC5337EFF8D8
7278	Prog Implementation Update12.10.03l.doc	source [AD1]/September11Fund/Board/2003 Mtgs/12.10.03/Prog Implementation Update12.10.03l.doc	Microsoft Word 97	44544	12/3/2003 5:06:36 PM (2003-12-03 22:06:36 UTC)	F89EBD226E1EF56A80B1BCA1BF98D08F
7292	Prog Implementation Update4.14.041.doc	source [AD1]/September11Fund/Board/2004 Mtgs/04.14.04 Mtg/Prog Implementation Update4.14.041.doc	Microsoft Word 2000	53248	4/6/2004 1:00:08 PM (2004-04-06 17:00:08 UTC)	6C901D238306E9C89C24BF0B5621F6EE
7244	Prog Implementation Update5.21.03final.doc	source [AD1]/September11Fund/Board/2003 Mtgs/05-21-03 Mtg/Program Updates/Prog Implementation Update5.21.03final.doc	Microsoft Word 97	41472	5/13/2003 6:51:40 PM (2003-05-13 22:51:40 UTC)	E25115C17DDFF53A874F54D7E4E84907
6827	Program Cost Summary 6_24.doc	source [AD1]/NYCT - Josh and Lori/All Docs/911 Files/911/September11Fund/Board/Ex Comm Mtg 6-25-02/Program Cost Summary 6_24.doc	Microsoft Word 2000	34816	6/24/2002 9:19:26 PM (2002-06-25 01:19:26 UTC)	CCD5D2FAE3147351D7C646E2F632FE49
6729	Program Design Goals and Issues 01 09 02.doc	source [AD1]/NYCT - Josh and Lori/All Docs/911 Files/911/September11Fund/Board/1-16-02 mtg/Program Design Goals and Issues 01 09 02.doc	Microsoft Word 97	216576	1/10/2002 12:37:54 PM (2002-01-10 17:37:54 UTC)	F92A73BA9103A078C59E3A40FE75201B
7305	Program Implementation Summary 12.8.04.doc	source [AD1]/September11Fund/Board/2004 Mtgs/12.8.04 Mtg/Program Implementation Summary 12.8.04.doc	Microsoft Word 2000	41984	11/23/2004 12:12:38 PM (2004-11-23 17:12:38 UTC)	A60DB2B3E969A416378753AA71F79A8A
7190	Program Implementation Update.1.15.03.doc	source [AD1]/September11Fund/Board/2003 Mtgs/01-15-03 Mtg/Program Implementation Update.1.15.03.doc	Microsoft Word 97	31232	1/22/2003 2:04:34 PM (2003-01-22 19:04:34 UTC)	622960894A2D6A8E08395DA547C2A4D5
6590	Program Implementation Update.doc	source [AD1]/NYCT - Josh and Lori/All Docs/911 Files/911/Lori A Harris/911 BOD/11.6.02mtg/Program Implementation Update.doc	Microsoft Word 97	33792	10/31/2002 3:37:36 PM (2002-10-31 20:37:36 UTC)	069DD98D566B99CCB893508133B785A0
6796	Program Matrix for Board mtg.doc	source [AD1]/NYCT - Josh and Lori/All Docs/911 Files/911/September11Fund/Board/7-10-02 Mtg/Program Matrix for Board mtg.doc	Microsoft Word 2000	42496	7/3/2002 4:57:46 PM (2002-07-03 20:57:46 UTC)	DFCCBD150C2816BC49225E110DC67525
7163	Program Matrix for Board mtg.doc	source [AD1]/September11Fund/Board/2002 Mtgs/07-10-02 Mtg/Program Matrix for Board mtg.doc	Microsoft Word 97	34816	7/3/2002 8:05:56 PM (2002-07-04 00:05:56 UTC)	9273E957AF4B225849C1B7261117DD13
6730	Questions for Safe Horizon.doc	source [AD1]/NYCT - Josh and Lori/All Docs/911 Files/911/September11Fund/Board/1-16-02 mtg/Questions for Safe Horizon.doc	Microsoft Word 97	20992	1/23/2002 8:00:20 PM (2002-01-24 01:00:20 UTC)	B3EE3C4D3ADE0955A5D1D22F154E1F4A
7306	Report dwntwn revit prog.doc	source [AD1]/September11Fund/Board/2004 Mtgs/12.8.04 Mtg/Report dwntwn revit prog.doc	Microsoft Word 2000	48128	11/30/2004 5:44:32 PM (2004-11-30 22:44:32 UTC)	A24E6BCFAA8B0921F7AC176E90204C05
7293	RESOLUTION.doc	source [AD1]/September11Fund/Board/2004 Mtgs/04.14.04 Mtg/RESOLUTION.doc	Microsoft Word 2000	21504	3/23/2004 2:30:06 PM (2004-03-23 19:30:06 UTC)	81E2EF4173DCC5B7A59B6140DD56A72A
7307	RESOLUTION.doc	source [AD1]/September11Fund/Board/2004 Mtgs/12.8.04 Mtg/RESOLUTION.doc	Microsoft Word 2000	21504	11/30/2004 3:56:46 PM (2004-11-30 20:56:46 UTC)	8B5587732D08040DA7EE9A8CB5CA14E6
7314	RESOLUTIONrevised.doc	source [AD1]/September11Fund/Board/2004 Mtgs/Summer Mailing 7.23.04/RESOLUTIONrevised.doc	Microsoft Word 2000	24064	10/29/2004 12:27:30 PM (2004-10-29 16:27:30 UTC)	0C5DDA949013A6CC27F82806D81A0ADB
4684	RSVP list 12.7.04.xls	source [AD1]/Jeffrie Z Allan/Board Reception/RSVP list 12.7.04.xls	Excel 2000	36352	12/8/2004 12:27:36 PM (2004-12-08 17:27:36 UTC)	E1F34342AD8A5036D31747696A7190D4
4685	RSVP list.xls	source [AD1]/Jeffrie Z Allan/Board Reception/RSVP list.xls	Excel 2000	33792	12/6/2004 1:23:18 PM (2004-12-06 18:23:18 UTC)	E6EC392B4C0DA22365EFF7A0A6E8F8C9
7294	RSVP.doc	source [AD1]/September11Fund/Board/2004 Mtgs/04.14.04 Mtg/RSVP.doc	Microsoft Word 2000	22528	4/13/2004 2:43:10 PM (2004-04-13 18:43:10 UTC)	3956C19D0BB37938E33C53BF8739DE00
6591	safe horizon aug-sept stats.doc	source [AD1]/NYCT - Josh and Lori/All Docs/911 Files/911/Lori A Harris/911 BOD/11.6.02mtg/safe horizon aug-sept stats.doc	Microsoft Word 97	34816	10/28/2002 12:13:12 PM (2002-10-28 17:13:12 UTC)	4AD648152A06502E7BE867BC2D8661F1
7352	Schools Paper.doc	source [AD1]/September11Fund/Board/Schools Paper.doc	Microsoft Word 97	50688	4/4/2002 8:04:40 PM (2002-04-05 01:04:40 UTC)	91F0AE11930458554E7DA845D6284420
6831	Sept. 11 Fund Key messages - Board.doc	source [AD1]/NYCT - Josh and Lori/All Docs/911 Files/911/September11Fund/Board/Sept. 11 Fund Key messages - Board.doc	Microsoft Word 97	32256	11/27/2001 2:52:06 PM (2001-11-27 19:52:06 UTC)	613B314EB7DB8C24F083B6B6700BF527
6770	September 11 Fund Board STAFF.rtf	source [AD1]/NYCT - Josh and Lori/All Docs/911 Files/911/September11Fund/Board/4-10-02 mtg/September 11 Fund Board STAFF.rtf	Microsoft RTF	3602	4/8/2002 12:21:44 PM (2002-04-08 16:21:44 UTC)	B64FB9D8B04E0D3266A9532C5822F911
7147	Services02.15FINAL.doc	source [AD1]/September11Fund/Board/2002 Mtgs/04-10-02 Mtg/Communications Papers/Services02.15FINAL.doc	Microsoft Word 97	38400	4/4/2002 3:44:48 PM (2002-04-04 20:44:48 UTC)	44A0CD2148DF839DBBFB5BEF7E2A1153
9468	SF Focus group stuff.doc	source [AD1]/Tim Wu/My Documents/SF Focus group stuff.doc	Microsoft Word 97	19968	3/14/2002 5:28:02 PM (2002-03-14 22:28:02 UTC)	7468A4AD5BCF0B1A13BE43B144EA2A53
7245	SH Stats for AprilandMarch.xls	source [AD1]/September11Fund/Board/2003 Mtgs/05-21-03 Mtg/Program Updates/SH Stats for AprilandMarch.xls	Excel 97	22016	5/15/2003 1:49:24 PM (2003-05-15 17:49:24 UTC)	41F295C7E50A91CEA747826A55E885BC
3824	Sing Tao - March 17 2004.doc	source [AD1]/Jeanine Moss/Press/articles/BoardArticles3.11.03/Sing Tao - March 17 2004.doc	Microsoft Word 2000	20480	3/18/2004 12:20:26 PM (2004-03-18 17:20:26 UTC)	EFEC11289AD1E7F65D62219EA73729B6
7148	SixMonthReleasev.6b.doc	source [AD1]/September11Fund/Board/2002 Mtgs/04-10-02 Mtg/Communications Papers/SixMonthReleasev.6b.doc	Microsoft Word 97	44544	4/4/2002 3:39:26 PM (2002-04-04 20:39:26 UTC)	557C2DFCA8E832C320AEC28CD9E42DBB
6792	Small Business and NonProfit Fact Sheet.doc	source [AD1]/NYCT - Josh and Lori/All Docs/911 Files/911/September11Fund/Board/7-10-02 Mtg/Fact Sheets/Small Business and NonProfit Fact Sheet.doc	Microsoft Word 2000	23552	7/1/2002 1:29:48 AM (2002-07-01 05:29:48 UTC)	22CF480A26ABBA060E5E9B6913B089B5
6758	Small Business Assistance.doc	source [AD1]/NYCT - Josh and Lori/All Docs/911 Files/911/September11Fund/Board/2-13-02 Mtg/Small Business Assistance.doc	Microsoft Word 97	50176	2/25/2002 4:48:14 PM (2002-02-25 21:48:14 UTC)	C0039AB787909BE4594A4E7FE3E2F904
6592	small business update.doc	source [AD1]/NYCT - Josh and Lori/All Docs/911 Files/911/Lori A Harris/911 BOD/11.6.02mtg/small business update.doc	Microsoft Word 97	19456	10/28/2002 12:16:36 PM (2002-10-28 17:16:36 UTC)	D199E64D1E017D1978776089E08145EC
7164	SPECIAL INVITATIONboard.doc	source [AD1]/September11Fund/Board/2002 Mtgs/07-10-02 Mtg/SPECIAL INVITATIONboard.doc	Microsoft Word 97	19456	7/3/2002 6:31:56 PM (2002-07-03 22:31:56 UTC)	244B11C3A4D05E43ABB233C67B2F88DF
6731	Summary Board Memo 01 16 2002.doc	source [AD1]/NYCT - Josh and Lori/All Docs/911 Files/911/September11Fund/Board/1-16-02 mtg/Summary Board Memo 01 16 2002.doc	Microsoft Word 97	20992	1/10/2002 8:04:24 PM (2002-01-11 01:04:24 UTC)	B9882DF7D06C024871528AD026FB2D6B
6760	Summary Board Memo 02 13 2002.doc	source [AD1]/NYCT - Josh and Lori/All Docs/911 Files/911/September11Fund/Board/2-13-02 Mtg/Summary Board Memo 02 13 2002.doc	Microsoft Word 97	20480	2/8/2002 3:03:42 PM (2002-02-08 20:03:42 UTC)	492EBCBEAA535E81C9E0F59548B7A16F
7155	Summary Board Memo 4-10-2002.doc	source [AD1]/September11Fund/Board/2002 Mtgs/04-10-02 Mtg/Summary Board Memo 4-10-2002.doc	Microsoft Word 97	41472	4/8/2002 1:19:22 PM (2002-04-08 17:19:22 UTC)	77BC31ADE63D3EECA863CA90B9B0CB46
6771	Summary Board Memo 4 10 2002.doc	source [AD1]/NYCT - Josh and Lori/All Docs/911 Files/911/September11Fund/Board/4-10-02 mtg/Summary Board Memo 4 10 2002.doc	Microsoft Word 97	31744	4/8/2002 12:06:34 PM (2002-04-08 16:06:34 UTC)	EBA65DCC9C01BEC4672673BBE08AEAE1
6797	Summary Board Memo 7 10 2002.doc	source [AD1]/NYCT - Josh and Lori/All Docs/911 Files/911/September11Fund/Board/7-10-02 Mtg/Summary Board Memo 7 10 2002.doc	Microsoft Word 97	31744	7/3/2002 8:19:26 PM (2002-07-04 00:19:26 UTC)	0C81FE9E28B406BB98A62946527DE5C6
6813	Summary Board Memo 9 4 2002.doc	source [AD1]/NYCT - Josh and Lori/All Docs/911 Files/911/September11Fund/Board/9-4-02 Mtg/Summary Board Memo 9 4 2002.doc	Microsoft Word 2000	32256	8/29/2002 5:48:22 PM (2002-08-29 21:48:22 UTC)	4EF8BCAE484EE86285433B906554E8F3
7315	summermemo 7-04.doc	source [AD1]/September11Fund/Board/2004 Mtgs/Summer Mailing 7.23.04/summermemo 7-04.doc	Microsoft Word 2000	55296	7/22/2004 5:34:48 PM (2004-07-22 21:34:48 UTC)	7825CDD47EE3C63566576FD5D45A62BB
7262	Table of contents 10.01.03.doc	source [AD1]/September11Fund/Board/2003 Mtgs/10-01-03 Mtg/Table of contents 10.01.03.doc	Microsoft Word 2000	30208	9/25/2003 5:53:58 PM (2003-09-25 21:53:58 UTC)	45C5056F113314FF9C3804CE06E7EBEE
7279	Table of contents 12.10.03.doc	source [AD1]/September11Fund/Board/2003 Mtgs/12.10.03/Table of contents 12.10.03.doc	Microsoft Word 97	29184	12/1/2003 2:19:28 PM (2003-12-01 19:19:28 UTC)	864931249620F944E3EB09D958C5B4FE
7308	Table of contents 12.8.04.doc	source [AD1]/September11Fund/Board/2004 Mtgs/12.8.04 Mtg/Table of contents 12.8.04.doc	Microsoft Word 2000	31744	11/30/2004 7:12:50 PM (2004-12-01 00:12:50 UTC)	D7434B7641855AB0157951F343C922FB
7219	Table of contents 3.19.03.doc	source [AD1]/September11Fund/Board/2003 Mtgs/03-19-03 Mtg/Table of contents 3.19.03.doc	Microsoft Word 97	30208	3/12/2003 10:07:34 AM (2003-03-12 15:07:34 UTC)	5995AF9D365D7EB3592EC4775A9A421C
7295	Table of contents 4.14.04.doc	source [AD1]/September11Fund/Board/2004 Mtgs/04.14.04 Mtg/Table of contents 4.14.04.doc	Microsoft Word 2000	30208	3/29/2004 2:38:22 PM (2004-03-29 19:38:22 UTC)	732BEDEDD46E5EA49B880387A175FDAF
7246	Table of contents 5.21.03.doc	source [AD1]/September11Fund/Board/2003 Mtgs/05-21-03 Mtg/Table of contents 5.21.03.doc	Microsoft Word 97	29184	5/13/2003 3:51:38 PM (2003-05-13 19:51:38 UTC)	FED1312068BB8F9AEB231052595E532D
9478	thank you note.doc	source [AD1]/Tim Wu/My Documents/thank you note.doc	Microsoft Word 97	20480	6/2/2003 1:49:08 PM (2003-06-02 17:49:08 UTC)	D155639BB2AA4FAB086A76C60027BDA0
2979	Thanksletters.doc	source [AD1]/Jeanine Moss/Board/ThankYous/Thanksletters.doc	Microsoft Word 2000	25088	2/5/2002 9:58:42 AM (2002-02-05 14:58:42 UTC)	7A3126CA0EF077CA474DABB3D95A9C4E
7280	The September 11th Fund December 10th Board Meeting Attendees.doc	source [AD1]/September11Fund/Board/2003 Mtgs/12.10.03/The September 11th Fund December 10th Board Meeting Attendees.doc	Microsoft Word 97	19968	12/10/2003 2:07:48 PM (2003-12-10 19:07:48 UTC)	2C9CA68712CD2CEEC27601437150CDB7
6639	thomascoverfax.doc	source [AD1]/NYCT - Josh and Lori/All Docs/911 Files/911/Lori A Harris/911 BOD/thomascoverfax.doc	Microsoft Word 97	20480	6/3/2002 12:59:36 PM (2002-06-03 16:59:36 UTC)	421E630E920BF995FA2D5BD2BF73150B
6640	thomascoverfax.home.doc	source [AD1]/NYCT - Josh and Lori/All Docs/911 Files/911/Lori A Harris/911 BOD/thomascoverfax.home.doc	Microsoft Word 97	24064	3/5/2002 6:59:32 PM (2002-03-05 23:59:32 UTC)	E6369DFFFC88F2F85196CEEFA5936D68
6567	thomasfeedback.minutes.doc	source [AD1]/NYCT - Josh and Lori/All Docs/911 Files/911/Lori A Harris/911 BOD/1.16.02 mtg/thomasfeedback.minutes.doc	Microsoft Word 97	19456	2/6/2002 12:25:10 PM (2002-02-06 17:25:10 UTC)	DE7D9B53317BC808E69E6883030BDB81
7125	thomasfeedback.minutes.doc	source [AD1]/September11Fund/Board/2002 Mtgs/01-16-02 Mtg/thomasfeedback.minutes.doc	Microsoft Word 97	19968	2/5/2002 5:29:30 PM (2002-02-05 22:29:30 UTC)	E173AF99545A431A570A8EB732CF4FBB
7316	TLC document.doc	source [AD1]/September11Fund/Board/2004 Mtgs/Summer Mailing 7.23.04/TLC document.doc	Microsoft Word 2000	283648	7/13/2004 2:24:38 PM (2004-07-13 18:24:38 UTC)	09F6A3A373525B9C8B484E142D35C1EA
7247	TOC 5.21.03.doc	source [AD1]/September11Fund/Board/2003 Mtgs/05-21-03 Mtg/TOC 5.21.03.doc	Microsoft Word 97	29184	5/13/2003 5:49:00 PM (2003-05-13 21:49:00 UTC)	2C23DD6C7C0D9603821F5B8B243029A4
6772	Update on Cash Assistance Program.doc	source [AD1]/NYCT - Josh and Lori/All Docs/911 Files/911/September11Fund/Board/4-10-02 mtg/Update on Cash Assistance Program.doc	Microsoft Word 2000	188928	4/4/2002 8:55:06 AM (2002-04-04 13:55:06 UTC)	2AD2954AC95F5C0B612252990091729B
6773	Update on Coordination Efforts April 2002.doc	source [AD1]/NYCT - Josh and Lori/All Docs/911 Files/911/September11Fund/Board/4-10-02 mtg/Update on Coordination Efforts April 2002.doc	Microsoft Word 2000	202752	4/5/2002 5:37:02 AM (2002-04-05 10:37:02 UTC)	94113AF8E8106F48E4665F8759F03CB3
7156	Update on Coordination Efforts April 2002.doc	source [AD1]/September11Fund/Board/2002 Mtgs/04-10-02 Mtg/Update on Coordination Efforts April 2002.doc	Microsoft Word 97	202752	4/5/2002 8:30:38 AM (2002-04-05 13:30:38 UTC)	0ED8E3D523A89479FA89EC64E4991BE6
7355	Update on Coordination Efforts April 2002.doc	source [AD1]/September11Fund/Board/Update on Coordination Efforts April 2002.doc	Microsoft Word 97	202752	4/4/2002 10:54:26 PM (2002-04-05 03:54:26 UTC)	7A1B9AD239FE91C6D4DEFA72842CC28D
6798	Update on Coordination Efforts July 2002.doc	source [AD1]/NYCT - Josh and Lori/All Docs/911 Files/911/September11Fund/Board/7-10-02 Mtg/Update on Coordination Efforts July 2002.doc	Microsoft Word 97	207872	7/3/2002 6:12:18 PM (2002-07-03 22:12:18 UTC)	B3535AD73B08D7D7C3B7388AB62B4EBC
6774	Update on Job Training April 2002.doc	source [AD1]/NYCT - Josh and Lori/All Docs/911 Files/911/September11Fund/Board/4-10-02 mtg/Update on Job Training April 2002.doc	Microsoft Word 2000	192000	4/5/2002 1:20:10 AM (2002-04-05 06:20:10 UTC)	401776C824CE9A7E12A7764FA8586F8B
6775	Update on Mental Health April 2002.doc	source [AD1]/NYCT - Josh and Lori/All Docs/911 Files/911/September11Fund/Board/4-10-02 mtg/Update on Mental Health April 2002.doc	Microsoft Word 97	200704	4/5/2002 3:22:50 PM (2002-04-05 20:22:50 UTC)	99DB84B7DAE78BEBB93462682149460E
2980	Update on September 11th Fund Activities May 2002.doc	source [AD1]/Jeanine Moss/Board/Update on September 11th Fund Activities May 2002.doc	Microsoft Word 2000	210432	5/23/2002 3:05:16 PM (2002-05-23 19:05:16 UTC)	3A32F02638A55925C36EDBB3534BB42B
6732	Update on Supplementary Cash Assistance Program.doc	source [AD1]/NYCT - Josh and Lori/All Docs/911 Files/911/September11Fund/Board/1-16-02 mtg/Update on Supplementary Cash Assistance Program.doc	Microsoft Word 97	207872	1/11/2002 5:49:30 PM (2002-01-11 22:49:30 UTC)	C853EF913C783E63232D4CEE33C43D54
6814	USG Needs Study Summary.doc	source [AD1]/NYCT - Josh and Lori/All Docs/911 Files/911/September11Fund/Board/9-4-02 Mtg/USG Needs Study Summary.doc	Microsoft Word 2000	37376	8/29/2002 5:32:04 PM (2002-08-29 21:32:04 UTC)	D745B8999A35667D573DDBCC4B33468E
7191	VCFpaper.doc	source [AD1]/September11Fund/Board/2003 Mtgs/01-15-03 Mtg/VCFpaper.doc	Microsoft Word 97	39936	1/8/2003 1:26:58 PM (2003-01-08 18:26:58 UTC)	9E5948E43C8A5FE1690E65C0EE4F5DD1
6733	Victims & Program Costs.xls	source [AD1]/NYCT - Josh and Lori/All Docs/911 Files/911/September11Fund/Board/1-16-02 mtg/Victims & Program Costs.xls	Excel 97	44032	2/21/2002 12:34:56 PM (2002-02-21 17:34:56 UTC)	E3FF85DA199B3B7D22106B2729138099
7127	Victims & Program Costs.xls	source [AD1]/September11Fund/Board/2002 Mtgs/01-16-02 Mtg/Victims & Program Costs.xls	Excel 97	44032	1/30/2002 4:42:28 PM (2002-01-30 21:42:28 UTC)	59003747A3E8D5351B3BB9CD8A41FC1D
6815	Work with Family Groups.doc	source [AD1]/NYCT - Josh and Lori/All Docs/911 Files/911/September11Fund/Board/9-4-02 Mtg/Work with Family Groups.doc	Microsoft Word 2000	24576	8/29/2002 4:48:48 PM (2002-08-29 20:48:48 UTC)	1B96120D36EEB1E7D70DD5097A151C4B
6641	workingminutes.1.16.doc	source [AD1]/NYCT - Josh and Lori/All Docs/911 Files/911/Lori A Harris/911 BOD/workingminutes.1.16.doc	Microsoft Word 97	22528	1/29/2002 6:20:42 PM (2002-01-29 23:20:42 UTC)	9190E7EDB3E8E5E1071F54D23C865EA0
7221	Yearend02.FINAL.doc	source [AD1]/September11Fund/Board/2003 Mtgs/03-19-03 Mtg/Yearend02.FINAL.doc	Microsoft Word 2000	34304	5/16/2003 12:12:46 PM (2003-05-16 16:12:46 UTC)	B03450F97D5103C6014900EE4D89F802
